,OBJECTID,ZIP,ZIP_dbl,Weave_Zip_Census_ACS_Total_Popu,Total_Population_2011_2015_ACS,MedHomeSalePrice_2yrAvg_2005_07,MedHomeSalePrice_2yrAvg_2014_16,Chg_MedPrice_2005_07_2014_16,PctChg_MedPrice_2005_07_2014_16,AvgMoRent_2011_through_Nov,AvgMoRent_2016_through_Nov,Change_AvgMoRent_2011_2016,Pct_Change_AvgMoRent_2011_2016,Total_NegEquity_Millions_2015Q1,Total_Homes_NegEquity_2015Q1,Pct_Homes_wMortg_NegEqty_2015Q1,Total_NegEquity_Millions_2015Q2,Total_Homes_NegEquity_2015Q2,Pct_Homes_wMortg_NegEqty_2015Q2,Total_NegEquity_Millions_2016Q1,Total_Homes_NegEquity_2016Q1,Pct_Homes_wMortg_NegEqty_2016Q1,Total_NegEquity_Millions_2016Q3,Total_Homes_NegEquity_2016Q3,Pct_Homes_wMortg_NegEqty_2016Q3,GlobalID,last_edited_date
0,1,30501,30501,28048.0,27743.0,145988.0,127335.0,-18653.0,-0.128,981.0,1123.0,142.0,14.5,-34.9,453.2,17.8,-34.4,444.3,17.5,-23.7468678,299.0,14.9,-22.1,244.0,12.2,{42B5EF7D-F613-486E-B9ED-9B4B585D461D},
1,2,30543,30543,4487.0,4434.0,,,,,951.0,1108.0,157.0,16.5,-6.3,185.7,22.2,-5.5,184.2,22.1,-2.5329285,82.0,11.8,-2.6,64.0,9.2,{CA696EB2-36CE-46DC-B3FE-25C841E5A5C8},
2,3,30121,30121,22078.0,22521.0,137364.0,126071.0,-11293.0,-0.082,947.0,1029.0,82.0,8.7,-33.5,775.1,21.4,-31.0,699.9,19.3,-26.02710987,478.0,14.2,-21.7,288.0,8.6,{35479798-AA3E-4D69-877D-B3AA3BAADFF2},
3,4,30178,30178,3468.0,3307.0,,,,,1051.0,1080.0,29.0,2.8,-3.1,123.8,17.4,-3.5,89.6,12.6,-1.844438,67.0,7.5,-3.0,75.0,8.4,{1A5F887D-7374-4B3B-B485-92A5C4685776},
4,5,30137,30137,1650.0,1470.0,,,,,910.0,905.0,-5.0,-0.6,-3.3,70.8,23.5,-3.5,73.6,24.5,-3.02242285,70.0,25.9,-2.4,44.0,16.1,{2CC6E527-8FA9-433F-8740-BBA346AACA6B},
5,6,30117,30117,34296.0,35169.0,121768.0,110705.0,-11063.0,-0.091,871.0,918.0,47.0,5.4,-42.4,938.4,21.7,-46.0,925.6,21.4,-33.86219585,658.0,15.5,-31.3,526.0,12.4,{F231DF09-7B7F-4D27-A937-B751FCF03124},
6,7,30116,30116,23156.0,23090.0,135951.0,115027.0,-20924.0,-0.154,909.0,976.0,67.0,7.3,-35.1,942.2,20.6,-35.7,943.2,20.7,-24.81415649,614.0,14.2,-22.6,478.0,11.1,{25393505-FC94-4D30-B721-FE9C020E8F33},
7,8,30108,30108,7256.0,7508.0,,,,,848.0,842.0,-6.0,-0.7,-8.9,226.7,18.1,-8.6,216.5,17.3,-6.13383046,174.0,16.0,-5.4,123.0,11.3,{83EE4064-AD82-46D9-8E1C-29C53BFC1812},
8,9,30265,30265,31713.0,33553.0,192496.0,198828.0,6332.0,0.033,1272.0,1448.0,176.0,13.8,-77.1,1092.9,14.6,-69.4,926.8,12.4,-70.96468675,787.0,10.1,-63.8,615.0,7.9,{06D2265F-2A36-4EC7-B687-83989281DF74},
9,10,30170,30170,2994.0,3324.0,,,,,929.0,924.0,-5.0,-0.6,-4.9,99.6,18.0,-4.9,99.2,17.9,-4.00401645,84.0,13.0,-4.8,93.0,14.2,{2AF23865-3800-4DE2-B079-06F6B643C2B6},
10,11,30277,30277,20270.0,22098.0,199243.0,206027.0,6784.0,0.034,1319.0,1483.0,164.0,12.5,-39.1,548.9,10.4,-44.1,479.1,9.1,-37.84802797,409.0,7.9,-29.6,285.0,5.5,{72CACD15-862C-4810-888D-FA17DB6A1C65},
11,12,30276,30276,13866.0,14283.0,199154.0,202152.0,2998.0,0.015,1207.0,1374.0,167.0,13.9,-27.6,431.8,12.4,-26.1,368.6,10.6,-26.34488705,316.0,8.6,-22.8,254.0,6.9,{0066E013-BFF9-4391-97A1-E2281FA6767C},
12,13,30223,30223,36769.0,36116.0,115956.0,69824.0,-46132.0,-0.398,863.0,803.0,-61.0,-7.0,-70.4,1778.8,33.1,-67.9,1750.4,32.6,-58.05624606,1468.0,28.7,-52.4,1278.0,25.0,{23FFFFD4-9823-4D7A-A3CA-74A9F049B357},
13,14,30259,30259,3041.0,2764.0,,,,,1160.0,1275.0,115.0,9.9,-3.4,78.2,11.7,-2.2,60.7,9.1,-2.32089574,45.0,6.8,-2.3,40.0,6.1,{C9E80A6B-80CE-4CD3-8FBF-261A71551D3C},
14,15,30220,30220,5533.0,4909.0,,,,,941.0,959.0,18.0,1.9,-11.8,339.8,30.7,-10.1,257.3,23.2,-6.4908836,143.0,16.6,-5.3,99.0,11.4,{6F20CAF9-D9FD-4BE6-A3F9-3F740905E1DC},
15,16,30224,30224,25197.0,24603.0,134762.0,110462.0,-24300.0,-0.18,956.0,933.0,-23.0,-2.4,-55.5,1423.2,32.0,-58.6,1385.1,31.1,-45.30237146,1086.0,27.4,-35.2,825.0,20.8,{0E6B0FDE-A775-4399-B957-5CFC84789CAE},
16,17,30115,30115,35672.0,37964.0,227991.0,235968.0,7977.0,0.035,1371.0,1531.0,161.0,11.7,-67.3,1040.9,12.4,-58.3,831.5,9.9,-48.12891868,589.0,6.9,-36.8,386.0,4.5,{1231761D-5D0C-46C4-ABFE-D8011B092571},
17,18,30004,30004,53033.0,60229.0,270222.0,312915.0,42693.0,0.158,1772.0,2165.0,392.0,22.1,-169.2,1179.0,9.5,-154.4,1058.8,8.5,-143.6399109,900.0,7.5,-131.4,768.0,6.4,{7F37F44E-8999-4147-AD43-99BCFF181703},
18,19,30189,30189,36859.0,37259.0,195556.0,202252.0,6696.0,0.034,1294.0,1494.0,200.0,15.5,-66.1,1019.8,11.2,-55.3,746.9,8.2,-36.12190936,488.0,5.8,-35.8,409.0,4.9,{2D127083-8509-4A42-92F5-985004AD8760},
19,20,30075,30075,52573.0,54858.0,296779.0,334344.0,37565.0,0.127,1806.0,2214.0,408.0,22.6,-123.4,996.4,7.6,-124.5,965.3,7.4,-107.4898874,815.0,6.4,-92.7,648.0,5.1,{6402CE07-C298-4055-BE1C-2F5FCAD16552},
20,21,30097,30097,41715.0,44256.0,345917.0,342381.0,-3536.0,-0.01,1951.0,2356.0,404.0,20.7,-122.4,857.9,9.4,-115.9,776.2,8.5,-97.16334181,613.0,7.2,-96.2,537.0,6.4,{C5B48B98-976D-470E-B369-29FC90EC8977},
21,22,30022,30022,64359.0,68274.0,286055.0,310248.0,24193.0,0.085,1821.0,2207.0,386.0,21.2,-179.5,1227.0,8.2,-188.2,1176.5,7.8,-162.7335762,985.0,6.9,-145.8,862.0,6.0,{5EBA46F8-3D5A-4E01-95E5-D5B04B4E1BEB},
22,23,30043,30043,80241.0,86259.0,191579.0,180573.0,-11006.0,-0.057,1256.0,1420.0,164.0,13.0,-156.9,2495.5,14.4,-149.5,2110.6,12.2,-112.0770313,1436.0,9.0,-106.5,1103.0,6.9,{99AD08F7-E497-4497-B8AD-C32A780DE6B4},
23,24,30096,30096,62265.0,69237.0,172394.0,179313.0,6919.0,0.04,1201.0,1361.0,160.0,13.3,-108.2,1545.4,16.0,-106.8,1337.9,13.8,-82.36593541,853.0,9.9,-79.8,683.0,7.9,{76A46361-969D-4A9D-9EEF-38CC661A6EC0},
24,25,30092,30092,31704.0,33357.0,238961.0,243574.0,4613.0,0.019,1563.0,1818.0,255.0,16.3,-58.4,650.0,12.1,-56.5,588.3,10.9,-42.75679646,398.0,7.8,-44.5,328.0,6.5,{776CCDD5-4138-4CF0-B10B-E52C31D84720},
25,26,30068,30068,31595.0,32068.0,301598.0,346635.0,45037.0,0.149,1849.0,2241.0,392.0,21.2,-74.7,544.4,7.1,-74.2,527.5,6.9,-66.9890746,468.0,6.5,-57.1,386.0,5.4,{76B4D141-F53A-450A-A1D6-3E0D05F6F0C4},
26,27,30071,30071,23005.0,24286.0,151189.0,146943.0,-4246.0,-0.028,1014.0,1232.0,218.0,21.5,-56.3,946.9,28.9,-51.1,836.2,25.5,-31.45090125,434.0,17.5,-28.6,330.0,13.3,{542D06F2-738D-47EF-A4AF-3C7788C63461},
27,28,30338,30338,33617.0,33666.0,354815.0,366808.0,11993.0,0.034,2049.0,2518.0,469.0,22.9,-60.3,582.6,9.3,-56.3,488.3,7.8,-48.35961511,354.0,6.0,-44.6,288.0,4.9,{109EF3D7-CBA4-40C9-AD2A-DBC67CC9D520},
28,29,30067,30067,45182.0,47556.0,170524.0,188430.0,17906.0,0.105,1220.0,1440.0,220.0,18.0,-124.5,1327.2,21.0,-118.8,1204.2,19.0,-104.488276,929.0,15.2,-111.6,732.0,11.9,{856D2DBC-4C96-460B-848C-B99F46850806},
29,30,30360,30360,14536.0,15744.0,226450.0,269941.0,43491.0,0.192,1336.0,1667.0,331.0,24.8,-27.9,361.5,16.2,-27.2,309.8,13.9,-23.53229459,238.0,11.2,-20.7,183.0,8.6,{234EE7DC-04F5-4014-906B-6A50942A7A80},
30,31,30044,30044,79701.0,86523.0,162035.0,142343.0,-19692.0,-0.122,1106.0,1273.0,167.0,15.1,-181.9,3572.3,22.9,-166.6,2910.7,18.6,-112.1194764,1682.0,12.6,-98.6,1172.0,8.8,{2D37740F-B3F0-4772-B1E8-CFC7A1139B92},
31,32,30328,30328,30348.0,34456.0,270921.0,271126.0,205.0,0.001,1725.0,2251.0,526.0,30.5,-132.4,1015.4,16.0,-130.6,905.8,14.2,-101.1194793,674.0,11.5,-99.1,576.0,9.8,{7712A5FA-A49D-49BE-B3FB-A6A9D62BC9E2},
32,33,30008,30008,29822.0,32905.0,160477.0,137117.0,-23360.0,-0.146,1065.0,1208.0,143.0,13.4,-83.8,1401.9,29.8,-82.0,1279.6,27.2,-72.90903226,975.0,20.8,-65.3,694.0,14.8,{B0AF795A-EF59-4869-AD52-30E30C1B79F6},
33,34,30260,30260,23244.0,26884.0,123032.0,65105.0,-57927.0,-0.471,836.0,851.0,15.0,1.8,-73.9,1640.9,49.5,-69.1,1581.0,47.7,-54.11698739,1301.0,41.3,-43.6,1061.0,33.7,{5AA3F9F4-97EA-42F3-B2CD-F8D478817391},
34,35,30093,30093,53351.0,56052.0,139871.0,118775.0,-21096.0,-0.151,963.0,1185.0,222.0,23.1,-73.3,1535.9,31.0,-72.4,1349.0,27.2,-50.24423316,853.0,19.7,-45.8,578.0,13.4,{ACFCA1F9-665F-405B-9C81-F026F504E04F},
35,36,30346,30346,4696.0,5263.0,,,,,,,,,-10.1,53.6,29.8,-9.2,43.1,24.0,-13.58925474,45.0,14.9,,,,{11C73192-848D-42FC-9DC0-C88D229F16FA},
36,37,30340,30340,29394.0,30978.0,165625.0,194228.0,28603.0,0.173,1042.0,1286.0,244.0,23.5,-37.6,733.1,21.4,-35.6,706.6,20.7,-25.03248361,457.0,14.4,-22.4,311.0,9.8,{6BC28BBC-8B52-4901-8667-7F595DDD6125},
37,38,30047,30047,59660.0,62325.0,177070.0,170371.0,-6699.0,-0.038,1226.0,1358.0,131.0,10.7,-117.1,1906.7,15.2,-111.1,1622.2,13.0,-93.81263042,1208.0,10.5,-79.1,881.0,7.7,{1791D695-F66A-4268-A5F9-74140C26FCBE},
38,39,30319,30319,38423.0,39007.0,320325.0,389546.0,69221.0,0.216,1907.0,2522.0,616.0,32.3,-151.8,1011.9,12.7,-134.5,819.7,10.3,-119.439428,617.0,8.8,-101.8,536.0,7.7,{910C4F54-8520-4375-A24F-A8E319B9DA13},
39,40,30341,30341,31793.0,31914.0,233714.0,262073.0,28359.0,0.121,1278.0,1673.0,395.0,30.9,-68.0,714.1,17.3,-66.2,627.8,15.2,-67.89452018,535.0,11.9,-55.1,408.0,9.1,{E5417C15-DE7F-432C-935A-7D751C28B534},
40,41,30339,30339,18304.0,21250.0,337991.0,251165.0,-86826.0,-0.257,1625.0,1969.0,344.0,21.2,-65.2,434.4,18.4,-62.9,397.3,16.8,-51.07528226,323.0,13.3,-51.7,294.0,12.1,{E98EA92F-0BFD-4E51-B49C-0DA7CE5BD1BB},
41,42,30342,30342,29879.0,31027.0,389906.0,427781.0,37875.0,0.097,2214.0,2897.0,683.0,30.9,-99.4,663.1,13.9,-100.7,610.1,12.8,-84.81451631,442.0,10.6,-83.4,343.0,8.2,{75C677AA-FC7B-4F90-8241-B7ECD101FA13},
42,43,30080,30080,49905.0,54407.0,215432.0,232967.0,17535.0,0.081,1219.0,1436.0,218.0,17.9,-215.5,2070.6,24.3,-217.4,1874.1,22.0,-180.662909,1421.0,16.7,-175.3,1215.0,14.3,{FF160374-2F2E-418A-AAC3-77CD6BEED192},
43,44,30078,30078,33057.0,35206.0,176845.0,165954.0,-10891.0,-0.062,1200.0,1327.0,127.0,10.6,-78.1,1388.4,18.3,-72.7,1169.7,15.4,-55.65080792,798.0,11.3,-47.2,565.0,8.0,{E7E2A862-8076-4BD3-A4CD-7984D4AEA0CF},
44,45,30082,30082,25905.0,26974.0,249676.0,239077.0,-10599.0,-0.042,1371.0,1530.0,159.0,11.6,-110.5,1132.2,19.5,-114.0,1071.3,18.4,-95.47363308,839.0,15.3,-85.9,660.0,12.0,{23535707-62F1-4FCA-8915-5DE75DF50164},
45,46,30345,30345,23129.0,24528.0,315515.0,336123.0,20608.0,0.065,1764.0,2236.0,472.0,26.7,-46.9,379.6,10.3,-40.1,317.3,8.6,-29.34368567,246.0,7.1,-24.7,174.0,5.0,{C4A85271-640A-4939-908B-361A8479C40A},
46,47,30106,30106,20300.0,19619.0,161984.0,130005.0,-31979.0,-0.197,1034.0,1175.0,141.0,13.6,-69.0,1300.5,34.4,-66.5,1221.1,32.3,-52.1294414,898.0,25.5,-46.5,631.0,17.9,{09C37F96-A83D-4712-8149-8A93169BB206},
47,48,30305,30305,22999.0,22318.0,295893.0,377871.0,81978.0,0.277,1978.0,2603.0,625.0,31.6,-207.3,977.0,18.9,-198.3,864.5,16.7,-160.3344556,654.0,14.7,-154.5,578.0,12.9,{422FF53C-F86D-4FC9-8D2B-6EFF31A213A4},
48,49,30329,30329,28539.0,28017.0,242350.0,298512.0,56162.0,0.232,1417.0,1878.0,461.0,32.6,-38.5,299.2,13.9,-36.7,259.4,12.0,-43.46948212,219.0,9.8,-35.0,183.0,8.2,{18A9A018-E9AD-4571-B738-CD0DF7074B8E},
49,50,30326,30326,4802.0,5429.0,293187.0,308850.0,15663.0,0.053,1669.0,2077.0,408.0,24.5,-26.8,118.6,16.1,-26.1,114.0,15.5,-21.6353683,85.0,14.5,-24.9,88.0,15.2,{61045144-8D44-4959-AAA5-578561D456CE},
50,51,30324,30324,24267.0,27587.0,254391.0,244076.0,-10315.0,-0.041,1469.0,1883.0,414.0,28.2,-116.3,769.9,18.5,-102.4,685.5,16.5,-96.40884397,574.0,13.9,-95.2,455.0,11.0,{9838EA11-E153-49E7-BFA3-03831195DA3D},
51,52,30033,30033,30763.0,31276.0,224042.0,243497.0,19455.0,0.087,1271.0,1640.0,369.0,29.0,-78.0,718.1,12.7,-74.5,641.2,11.3,-60.10705112,487.0,9.9,-56.6,401.0,8.2,{1F05616C-D82C-478B-A3D7-1ABD2A9DA484},
52,53,30021,30021,21989.0,24196.0,,,,,901.0,977.0,76.0,8.4,-31.3,603.7,37.0,-27.4,551.8,33.8,-23.59797439,364.0,25.1,-22.5,293.0,20.2,{709627CB-C4A3-47A3-9A4B-B9B6A6AD01A6},
53,54,30306,30306,22246.0,22329.0,370667.0,436281.0,65614.0,0.177,2117.0,3018.0,901.0,42.6,-117.0,533.3,10.6,-117.2,496.1,9.9,-91.39376083,379.0,8.0,-90.7,363.0,7.7,{F7BC81E6-5157-477A-98BA-A41336506FED},
54,55,30122,30122,21561.0,23422.0,152375.0,98209.0,-54166.0,-0.355,987.0,1040.0,53.0,5.4,-71.0,1426.8,41.2,-62.8,1332.5,38.4,-41.41778069,895.0,27.9,-38.4,684.0,21.3,{94F65D54-50EF-4267-A8FD-CF97484BF129},
55,56,30134,30134,43356.0,44262.0,148985.0,115722.0,-33263.0,-0.223,992.0,1050.0,58.0,5.8,-116.5,2895.6,33.5,-105.6,2560.5,29.6,-79.50492452,1892.0,22.6,-73.8,1378.0,16.4,{5D67F99E-D033-4A2A-BD2C-263A76213A34},
56,57,30079,30079,2960.0,2861.0,,,,,934.0,981.0,48.0,5.1,-17.0,165.0,38.0,-14.2,160.2,36.9,-11.24228391,124.0,30.2,-9.9,86.0,20.9,{8AB6479E-878E-4769-8344-F649C10803A2},
57,58,30322,30322,2023.0,2854.0,,,,,,,,,,,,,,,,,,,,,{8D4273EC-C22D-419A-8E89-4799362CF8A3},
58,59,30307,30307,18004.0,18574.0,302373.0,365106.0,62733.0,0.207,1734.0,2354.0,619.0,35.7,-58.4,426.4,10.1,-58.1,387.5,9.2,-50.1774994,294.0,8.0,-47.2,248.0,6.7,{F841B401-FA0C-4E8B-90DA-E5051BF1099C},
59,60,30030,30030,26473.0,27322.0,243171.0,334654.0,91483.0,0.376,1490.0,2115.0,624.0,41.9,-75.5,660.2,11.2,-63.5,546.1,9.2,-53.99954754,403.0,7.6,-50.9,354.0,6.7,{2AABBFFB-0AE9-47EB-A26D-3C6A013E1F20},
60,61,30088,30088,25257.0,27167.0,128579.0,85840.0,-42739.0,-0.332,960.0,986.0,26.0,2.7,-118.4,2629.1,47.6,-104.6,2390.3,43.2,-84.04001769,1880.0,38.4,-63.9,1365.0,27.9,{A29C1412-DCD1-4504-8CB2-AF0A11265EF4},
61,62,30336,30336,971.0,522.0,,,,,,,,,,,,-0.6,5.5,42.0,0.0,0.0,0.0,,,,{AA717416-3592-4456-B929-5A69CAB0B316},
62,63,30002,30002,5861.0,5835.0,,,,,1340.0,1682.0,342.0,25.5,-23.4,247.9,19.4,-21.2,198.7,15.6,-15.54984828,124.0,12.6,-15.8,113.0,11.4,{ECA10742-DDE6-419E-90F9-1689D5DC9DFA},
63,64,30032,30032,47222.0,48787.0,144348.0,104741.0,-39607.0,-0.274,871.0,926.0,55.0,6.3,-165.2,2993.1,45.3,-155.5,2781.0,42.1,-128.0946924,2176.0,35.3,-106.3,1712.0,27.8,{8EF3FB61-0D82-45AA-B945-F7BF3E0CB882},
64,65,30308,30308,15413.0,17097.0,205188.0,208025.0,2837.0,0.014,1297.0,1652.0,354.0,27.3,-100.6,650.5,24.4,-98.9,620.4,23.3,-70.46763071,380.0,17.7,-65.8,351.0,16.4,{5CF57F96-0051-4DB5-8478-CAA7563238C5},
65,66,30313,30313,9495.0,10893.0,,,,,1215.0,1453.0,238.0,19.6,-41.8,245.3,39.3,-38.2,227.7,36.5,-31.00391583,175.0,30.5,-26.6,141.0,24.6,{FB82E2C0-E794-4752-AF7E-9486C1564565},
66,67,30312,30312,19360.0,22078.0,223391.0,233529.0,10138.0,0.045,1247.0,1675.0,428.0,34.3,-114.2,900.7,27.6,-107.1,827.5,25.3,-83.90691641,603.0,19.3,-70.6,465.0,14.8,{CD6A37C6-A08F-4E39-9C3F-E36441B7DB8B},
67,68,30013,30013,25183.0,25947.0,178020.0,137427.0,-40593.0,-0.228,1113.0,1116.0,4.0,0.3,-100.5,1741.9,34.4,-92.7,1576.9,31.2,-63.98278714,1126.0,25.8,-59.6,892.0,20.5,{EC7DE65E-0929-43B8-9ED4-96C86462BB13},
68,69,30314,30314,22020.0,23468.0,,,,,886.0,943.0,57.0,6.5,-53.5,764.6,56.2,-54.0,739.1,54.3,-37.83816144,549.0,46.9,-40.6,543.0,46.4,{E2BC45F0-49A0-47DA-9330-4F2089D30DA4},
69,70,30317,30317,11970.0,12649.0,222985.0,302010.0,79025.0,0.354,1192.0,1554.0,362.0,30.3,-40.1,401.4,15.7,-34.1,329.9,12.9,-34.15204544,288.0,11.5,-28.5,213.0,8.5,{E2D7ACD4-83AD-4C53-92E6-8A34C23D78E5},
70,71,30303,30303,5934.0,6279.0,,,,,1134.0,1306.0,173.0,15.2,-20.7,133.0,54.1,-19.5,133.8,54.4,-8.95573677,66.0,40.6,-9.0,64.0,39.4,{817FBE58-D0C7-4239-B31C-4A465654BA0C},
71,72,30035,30035,20396.0,20854.0,,,,,937.0,971.0,33.0,3.6,-97.6,1984.0,52.2,-88.7,1805.5,47.5,-68.68935569,1335.0,40.8,-54.9,1014.0,31.0,{B0FDD8CB-255F-4A63-8FFE-197B00F5B106},
72,73,30311,30311,32218.0,36001.0,158937.0,79334.0,-79603.0,-0.501,960.0,992.0,32.0,3.4,-124.8,1925.4,48.8,-125.6,1920.3,48.6,-107.0947187,1617.0,47.2,-87.0,1379.0,40.2,{E51A500F-3A67-4964-BA94-8447C67828E0},
73,74,30135,30135,61912.0,62587.0,189844.0,136956.0,-52888.0,-0.279,1148.0,1174.0,27.0,2.3,-230.6,4315.6,30.1,-200.8,3832.0,26.8,-159.2911682,2715.0,20.2,-141.1,2116.0,15.8,{CC12EF0A-7BAD-4971-BC37-B1E3F9B82C54},
74,75,30316,30316,31110.0,31648.0,194664.0,230627.0,35963.0,0.185,1106.0,1341.0,235.0,21.3,-151.8,1789.7,26.4,-145.3,1535.5,22.6,-103.7722976,998.0,17.0,-93.0,768.0,13.1,{AC4CD0FC-CA2F-4289-8CD7-4A35A634753B},
75,76,30310,30310,26912.0,29152.0,169327.0,71446.0,-97881.0,-0.578,890.0,934.0,44.0,5.0,,,,,,,-92.01693376,1408.0,50.2,-91.0,1381.0,49.2,{409B7F4E-9483-4896-B00B-36801BA2AF51},
76,79,30344,30344,31776.0,33365.0,147247.0,91607.0,-55640.0,-0.378,933.0,964.0,31.0,3.3,-165.3,2458.2,51.9,-157.2,2311.3,48.8,-123.0179294,1838.0,45.7,-120.3,1798.0,44.7,{A5CAB2EE-8050-45F9-B002-A18AED12C17D},
77,80,30038,30038,37233.0,41692.0,139164.0,101787.0,-37377.0,-0.269,985.0,1022.0,38.0,3.8,-235.0,4486.5,54.2,-219.4,4082.8,49.3,-183.0444511,3411.0,42.6,-153.4,2796.0,34.9,{B10BA4C6-F91E-4254-9B9C-71129E8AD42F},
78,81,30094,30094,31244.0,32416.0,187743.0,138548.0,-49195.0,-0.262,1169.0,1168.0,-1.0,-0.1,-111.9,2158.1,29.6,-108.1,1979.6,27.2,-81.35614508,1477.0,21.8,-75.6,1214.0,17.9,{EFDCD30C-DC57-4F1A-B553-D3E21B8DBED1},
79,82,30354,30354,14857.0,16688.0,,,,,890.0,952.0,62.0,7.0,-46.0,718.8,45.3,-41.5,686.1,43.3,-31.89598381,495.0,36.3,-33.0,572.0,41.9,{5FEB7723-5BBC-4A04-903C-C78A0FAFEE27},
80,83,30337,30337,11505.0,12821.0,,,,,1007.0,1087.0,80.0,7.9,-40.3,528.3,47.9,-38.8,513.7,46.6,-27.5174664,383.0,41.4,-21.3,260.0,28.2,{262BCB40-B422-49ED-9856-D37D80A27BEA},
81,84,30297,30297,27188.0,27518.0,96822.0,42533.0,-54289.0,-0.561,746.0,798.0,52.0,7.0,-57.9,1520.6,56.0,-57.3,1500.6,55.3,-47.2404575,1283.0,52.8,-39.4,1174.0,48.3,{AF8C2F43-AD3A-433D-B429-9FE8C5609ADC},
82,85,30273,30273,14709.0,13843.0,,,,,870.0,888.0,18.0,2.1,-94.8,2132.9,56.1,-86.8,1908.0,50.2,-62.56746885,1364.0,43.3,-50.1,1174.0,37.3,{B741A2F2-6294-4040-8535-F9B23CA5C4E8},
83,86,30291,30291,21010.0,21951.0,143304.0,112477.0,-30827.0,-0.215,1015.0,1022.0,7.0,0.7,-102.0,1848.5,52.6,-92.1,1744.5,49.6,-73.86645737,1397.0,40.9,-62.8,1128.0,33.0,{B7C18807-93E1-42B9-8CC0-6FB31998C1D3},
84,87,30274,30274,31893.0,33709.0,119787.0,53072.0,-66715.0,-0.557,837.0,849.0,13.0,1.5,,,,,,,-99.77588983,2395.0,53.4,-85.3,2051.0,45.7,{CACBBFD7-4AEE-4B3B-B82B-AA385C138077},
85,88,30238,30238,34713.0,37257.0,126933.0,72583.0,-54350.0,-0.428,852.0,875.0,24.0,2.8,-159.2,3746.2,53.5,-148.8,3470.4,49.6,-122.8094434,2871.0,44.4,-99.4,2384.0,36.9,{F9EDC8FD-CA29-4662-876C-71DBF7D69418},
86,89,30214,30214,28913.0,29637.0,208890.0,160350.0,-48540.0,-0.232,1369.0,1349.0,-21.0,-1.5,-126.8,1740.4,26.7,-112.1,1531.1,23.5,-83.19413883,1075.0,18.0,-66.8,763.0,12.7,{01A02B78-8247-4B8A-AEA7-54EB5C9E6E55},
87,90,30228,30228,38569.0,40559.0,176823.0,135148.0,-41675.0,-0.236,1063.0,1118.0,56.0,5.2,-162.3,3265.1,37.3,-151.5,2999.2,34.3,-102.9412528,1895.0,26.6,-94.0,1484.0,20.8,{664DDA1F-7313-45D2-9239-EDF647AA676B},
88,91,30269,30269,35069.0,35220.0,252697.0,266670.0,13973.0,0.055,1678.0,1999.0,321.0,19.2,-101.3,939.2,11.9,-95.8,770.7,9.7,-74.67110103,583.0,8.1,-74.0,541.0,7.5,{2042429D-EC05-4AED-887A-74732713DAF8},
89,92,30318,30318,49736.0,49728.0,206843.0,240455.0,33612.0,0.163,1081.0,1218.0,137.0,12.7,-191.6,1786.0,28.0,-176.3,1664.1,26.1,-148.8274425,1333.0,22.2,-143.9,1150.0,19.1,{3F46A24D-6B59-4861-9A84-5F06EDC0BA19},
90,93,30363,30363,2680.0,3189.0,,,,,1330.0,1613.0,283.0,21.3,-31.0,177.5,35.4,-31.4,170.1,34.0,-30.04957167,148.0,31.7,-29.7,129.0,27.8,{76CC21D6-E4F2-4566-9C76-F0EAB3DB49E3},
91,94,30309,30309,21845.0,21928.0,222895.0,244206.0,21311.0,0.096,1523.0,1930.0,407.0,26.7,-155.4,887.7,17.7,-156.7,810.8,16.2,-143.0530955,697.0,14.2,-147.0,658.0,13.4,{828C68A9-1C29-4F35-B260-335D71D6D3B1},
92,95,30107,30107,12908.0,13872.0,188128.0,186925.0,-1203.0,-0.006,1269.0,1384.0,115.0,9.1,-24.5,394.8,13.0,-26.1,326.5,10.7,-18.34160693,258.0,9.2,-15.2,205.0,7.3,{3C7A4896-F70E-4C91-88F4-2C09A2B8C142},
93,96,30076,30076,42678.0,43656.0,236853.0,274304.0,37451.0,0.158,1546.0,1903.0,357.0,23.1,-89.3,821.7,10.0,-90.6,769.6,9.4,-76.64321177,586.0,7.5,-61.0,432.0,5.5,{683119CE-C1BE-44E4-B025-F97A1875C8E4},
94,97,30062,30062,62136.0,65206.0,242846.0,264710.0,21864.0,0.09,1534.0,1844.0,310.0,20.2,-124.0,1234.7,8.4,-125.9,1206.1,8.2,-103.7216967,904.0,6.3,-89.3,692.0,4.8,{F9642F28-AE92-453D-8438-E4EC0CFED91C},
95,98,30060,30060,34562.0,37334.0,155241.0,145877.0,-9364.0,-0.06,1006.0,1164.0,158.0,15.7,-69.3,1162.4,29.1,-63.9,1104.8,27.7,-52.6663242,806.0,22.9,-49.9,618.0,17.6,{37E9AA42-345E-4C5E-B789-9405CE026745},
96,100,30084,30084,35921.0,35896.0,187667.0,173330.0,-14337.0,-0.076,1149.0,1319.0,169.0,14.7,-105.0,1589.7,21.9,-99.0,1425.5,19.6,-71.44067327,957.0,14.7,-61.7,630.0,9.7,{7FE520A5-95B7-4ADE-9D93-7458E1F068C2},
97,101,30017,30017,20160.0,23676.0,235601.0,204533.0,-31068.0,-0.132,1305.0,1479.0,174.0,13.4,-53.6,799.2,15.6,-49.3,711.7,13.9,-43.82396532,558.0,11.0,-40.0,424.0,8.4,{72B77255-2393-482D-8498-64D587084FD0},
98,102,30045,30045,34402.0,33602.0,195505.0,164904.0,-30601.0,-0.157,1227.0,1372.0,145.0,11.8,-98.5,1890.5,21.9,-91.7,1548.3,17.9,-65.8579721,939.0,12.3,-59.7,673.0,8.8,{328656B0-148D-499F-8EE2-3DBACADD247B},
99,103,30350,30350,34740.0,36434.0,232812.0,234021.0,1209.0,0.005,1821.0,2261.0,441.0,24.2,-99.5,943.2,20.1,-101.0,870.7,18.6,-86.2216725,622.0,15.2,-72.5,446.0,10.9,{79B93AFA-B29A-446D-8997-8A6BFD418F1E},
100,104,30327,30327,22208.0,23363.0,598010.0,684886.0,86876.0,0.145,3893.0,4843.0,950.0,24.4,-96.5,414.9,8.1,-102.2,391.7,7.6,-100.7444408,321.0,6.5,-73.1,268.0,5.5,{7899962E-88CB-4941-82C3-404AD4CD7C36},
101,105,30315,30315,33857.0,33461.0,148808.0,126724.0,-22084.0,-0.148,882.0,965.0,83.0,9.4,,,,,,,-85.22734586,1137.0,39.8,-86.5,1140.0,39.9,{C0835179-81EA-4E8B-9CB8-4B57BF7D1E7F},
102,106,30288,30288,8929.0,9100.0,,,,,888.0,922.0,34.0,3.9,,,,,,,-39.63327558,901.0,40.9,-33.5,784.0,35.6,{B5B00D5B-81E1-432F-9435-D25E7207D2BC},
103,107,30294,30294,39865.0,41026.0,171113.0,108365.0,-62748.0,-0.367,1052.0,1078.0,26.0,2.5,-264.4,5352.7,52.0,-243.5,4753.8,46.2,-169.7685318,3352.0,38.1,-140.2,2352.0,26.8,{CD3BA5C8-1280-4FB3-B796-85452644ED66},
104,108,30034,30034,43113.0,43922.0,132430.0,84898.0,-47532.0,-0.359,967.0,1003.0,36.0,3.8,-237.9,4854.6,50.2,-224.5,4593.8,47.5,-170.641093,3425.0,39.7,-131.7,2490.0,28.9,{F227CBE9-4355-4F0D-81C8-1E2886A50874},
105,109,30236,30236,46434.0,46720.0,139049.0,104952.0,-34097.0,-0.245,944.0,939.0,-5.0,-0.6,-168.2,3283.7,43.8,-147.6,2993.2,39.9,-109.3253881,2103.0,32.7,-95.7,1790.0,27.8,{36F3DB64-F611-4A10-AC86-F205B9D38411},
106,110,30296,30296,25840.0,27029.0,,,,,894.0,910.0,16.0,1.8,-173.5,3480.2,61.4,-158.2,3262.4,57.5,-106.4949667,2246.0,47.5,-88.1,1864.0,39.5,{3573D030-0E4B-430B-88BB-AE3CD3B25039},
107,111,30268,30268,9090.0,9682.0,,,,,1101.0,1131.0,30.0,2.7,-24.1,466.6,27.1,-26.9,483.4,28.1,-27.31626511,463.0,27.3,-23.9,343.0,20.3,{AB1B77B9-ED95-4DED-AF71-CF1A68F83F02},
108,112,30349,30349,67602.0,70334.0,165105.0,100175.0,-64930.0,-0.393,1028.0,1048.0,21.0,2.0,-418.9,6780.0,51.2,-408.2,6516.6,49.2,-323.0902965,5301.0,42.6,-272.4,4298.0,34.5,{9A37211B-0788-48D2-A068-7FA5A09143E6},
109,113,30331,30331,54094.0,61010.0,201122.0,130030.0,-71092.0,-0.353,1158.0,1185.0,27.0,2.3,-268.1,4117.4,42.1,-254.0,3832.0,39.2,-193.5588944,2813.0,33.6,-178.1,2494.0,29.8,{876C886A-3E11-41D4-B1BD-1E926D3CD269},
110,114,30127,30127,60347.0,61283.0,175074.0,170410.0,-4664.0,-0.027,1178.0,1297.0,119.0,10.1,-196.0,3407.6,22.5,-187.4,3089.4,20.4,-143.1072084,2117.0,15.2,-119.8,1439.0,10.3,{F5DF85E4-6066-4067-89B1-96F9B5F552A9},
111,115,30152,30152,40393.0,42814.0,226425.0,222979.0,-3446.0,-0.015,1442.0,1609.0,167.0,11.6,-117.8,1234.5,13.5,-114.6,1064.2,11.6,-105.3140269,878.0,9.4,-98.7,724.0,7.8,{4AF7ED14-09D7-4666-9422-495EF6B80656},
112,116,30066,30066,52936.0,52930.0,197252.0,213855.0,16603.0,0.084,1306.0,1513.0,208.0,15.9,-126.7,1467.1,11.3,-127.1,1339.1,10.3,-102.1076425,987.0,8.1,-92.0,757.0,6.2,{2DDC16E8-F3FF-48A2-ABBE-FB769404161B},
113,117,30102,30102,37470.0,37455.0,162258.0,158061.0,-4197.0,-0.026,1147.0,1299.0,152.0,13.3,-74.9,1355.7,16.3,-66.6,1077.1,12.9,-54.19980188,747.0,9.8,-54.5,568.0,7.5,{B9E8481B-A2C1-4CED-8263-A2C965E81C2D},
114,118,30168,30168,24241.0,27538.0,140289.0,97832.0,-42457.0,-0.303,1001.0,1123.0,122.0,12.2,-80.0,1554.6,43.3,-72.3,1390.1,38.7,-61.76160662,1032.0,31.0,-52.6,677.0,20.3,{B32A19DA-E53A-43A1-8A9D-5F598ED6BEC7},
115,119,30187,30187,8740.0,8880.0,,,,,1163.0,1212.0,49.0,4.3,-21.5,414.6,20.0,-23.2,393.8,19.0,-15.15127352,248.0,14.6,-14.0,224.0,13.2,{99760CF3-A88D-4A5C-A01D-B0AF5FB32C45},
116,120,30126,30126,37088.0,39105.0,234166.0,221598.0,-12568.0,-0.054,1220.0,1347.0,127.0,10.4,-219.7,2659.7,29.9,-214.3,2433.0,27.3,-196.1456466,2055.0,23.2,-179.0,1596.0,18.0,{604FC47A-941C-47F5-B920-47DCDE5AD24C},
117,121,30064,30064,46076.0,46678.0,228183.0,235630.0,7447.0,0.033,1463.0,1628.0,165.0,11.2,-131.9,1477.7,13.1,-119.4,1326.3,11.8,-107.7505846,1082.0,9.4,-98.8,819.0,7.1,{6906DE3B-2515-4A3E-AB99-AE6C4DADB4C2},
118,122,30188,30188,52380.0,57035.0,179294.0,189156.0,9862.0,0.055,1223.0,1401.0,178.0,14.6,-138.0,1974.7,14.4,-116.5,1435.4,10.5,-99.01982774,1001.0,7.7,-100.5,871.0,6.7,{22B55C85-2E38-4D6D-9DFE-527F3554A41D},
119,123,30183,30183,5282.0,5129.0,,,,,1224.0,1304.0,80.0,6.5,-9.8,139.6,12.4,-8.8,127.3,11.3,-7.46339254,104.0,10.1,-6.9,96.0,9.3,{8FA49451-FD00-4952-94FF-3ADE022BF21D},
120,124,30114,30114,49774.0,51915.0,212573.0,213327.0,754.0,0.004,1263.0,1409.0,146.0,11.6,-92.1,1463.1,14.1,-76.0,1068.7,10.3,-61.31252214,778.0,7.8,-55.5,572.0,5.7,{47705C46-F787-4A5B-A50B-155D42EB0E20},
121,125,30039,30039,41517.0,43646.0,173357.0,147679.0,-25678.0,-0.148,1172.0,1291.0,119.0,10.2,-140.7,2706.7,26.3,-132.1,2310.9,22.5,-104.6521608,1633.0,16.7,-95.4,1147.0,11.7,{BC96E58C-FB80-4A4E-B0C7-3E0214404420},
122,126,30144,30144,52252.0,53996.0,177548.0,178199.0,651.0,0.004,1204.0,1372.0,168.0,14.0,-135.4,1696.2,16.6,-135.4,1510.3,14.8,-101.071633,1014.0,11.1,-91.2,770.0,8.4,{3AF20D47-F13E-4843-AC4D-CF827E6C0A93},
123,127,30058,30058,52945.0,53971.0,137910.0,95498.0,-42412.0,-0.308,977.0,1016.0,40.0,4.0,-301.8,6237.2,53.6,-268.1,5670.3,48.7,-206.8619538,4203.0,39.0,-170.7,3126.0,29.0,{57764B99-E761-4EFF-822D-7C08BE06FE23},
124,128,30087,30087,36761.0,36403.0,182007.0,161538.0,-20469.0,-0.112,1211.0,1329.0,117.0,9.7,-177.7,3003.7,32.0,-161.7,2643.2,28.1,-118.3227088,1796.0,21.9,-92.8,1145.0,13.9,{60A4D087-5450-4664-84BB-4E295AFB6869},
125,129,30215,30215,33665.0,33614.0,242236.0,238163.0,-4073.0,-0.017,1501.0,1616.0,115.0,7.7,-117.3,1616.7,19.5,-109.2,1351.8,16.3,-89.95196634,979.0,12.9,-77.0,774.0,10.2,{09AEA64C-F6A4-4D1D-8F6A-C0AD0E449A2A},
126,130,30248,30248,23249.0,23330.0,181598.0,140953.0,-40645.0,-0.224,1127.0,1186.0,59.0,5.3,-73.7,1359.7,23.9,-69.5,1213.3,21.3,-51.87996993,882.0,16.5,-50.7,666.0,12.5,{4520D3E1-5122-41B2-80B8-11622F974438},
127,131,30213,30213,29384.0,30318.0,181338.0,147357.0,-33981.0,-0.187,1194.0,1233.0,39.0,3.3,-166.6,2936.3,44.2,-166.9,2926.7,44.0,-117.4779939,2020.0,37.1,-90.6,1438.0,26.4,{E3933149-55C5-4B31-B7C4-8C1882E2373E},
128,132,30253,30253,49380.0,53974.0,181325.0,153554.0,-27771.0,-0.153,1159.0,1228.0,70.0,6.0,-180.1,3150.2,31.7,-168.4,2844.6,28.6,-122.4414553,1989.0,21.7,-117.2,1501.0,16.4,{9D7344C5-5C45-49BC-A0DB-9988D42E2E7D},
129,133,30281,30281,66140.0,68434.0,163582.0,128391.0,-35191.0,-0.215,1082.0,1145.0,63.0,5.8,-226.5,4501.9,33.6,-204.7,4125.4,30.8,-153.9807527,2913.0,23.1,-133.9,2165.0,17.2,{33735330-8FF3-4CB2-B7A1-99ED71EC8154},
130,134,30019,30019,40447.0,45624.0,226367.0,218669.0,-7698.0,-0.034,1316.0,1491.0,175.0,13.3,-99.1,1434.3,13.9,-101.7,1287.4,12.5,-81.80598134,982.0,9.7,-70.7,759.0,7.5,{DD629DE2-01AC-4BC4-A29B-5EF26CC19A01},
131,135,30040,30040,54653.0,61657.0,231224.0,256420.0,25196.0,0.109,1447.0,1669.0,222.0,15.3,-111.2,1299.0,9.8,-112.9,1132.7,8.5,-98.86212947,912.0,7.3,-104.5,958.0,7.7,{A063F507-E011-451E-AFED-8AB3F620DCDA},
132,136,30012,30012,27258.0,27233.0,149932.0,81644.0,-68288.0,-0.455,940.0,932.0,-7.0,-0.8,-77.5,1450.8,37.3,-72.4,1372.9,35.3,-48.90701336,985.0,29.5,-41.4,789.0,23.6,{AFC4F9AE-817A-43E4-983C-3CD0FAC81D3A},
133,137,30205,30205,3061.0,3184.0,,,,,1529.0,1793.0,264.0,17.3,-7.3,88.5,12.5,-6.8,75.6,10.7,-4.19527652,57.0,9.2,-3.3,51.0,8.3,{35F33EF6-E36B-4648-B996-7161E0276FB3},
134,138,30252,30252,41428.0,41595.0,215416.0,170898.0,-44518.0,-0.207,1229.0,1308.0,78.0,6.4,-120.9,2373.4,22.9,-119.1,2170.4,21.0,-86.77270213,1540.0,15.9,-76.1,1125.0,11.6,{D3F23CBF-F303-4DDD-A39D-1267220C3AEF},
135,139,30290,30290,8286.0,8769.0,,,,,1607.0,1840.0,233.0,14.5,-44.6,406.4,19.8,-40.3,345.0,16.8,-30.50595539,259.0,13.8,-27.4,189.0,10.1,{D53131A6-72D5-42ED-A908-C9EC1B193450},
136,140,30564,30564,4463.0,3980.0,,,,,1123.0,1235.0,111.0,9.9,-5.3,89.8,10.4,-6.0,89.5,10.4,-3.3283684,60.0,9.2,-1.9,53.0,8.1,{E50D071F-1D22-49B2-998F-888982B087EE},
137,141,30141,30141,22457.0,21335.0,157116.0,136373.0,-20743.0,-0.132,1045.0,1172.0,127.0,12.2,-65.0,1436.5,27.7,-60.4,1277.9,24.6,-50.79519245,906.0,18.5,-46.7,608.0,12.4,{93774CBD-85EE-4942-AD3A-0415806E3F76},
138,142,30005,30005,34442.0,38887.0,349279.0,371710.0,22431.0,0.064,1996.0,2409.0,413.0,20.7,-71.8,543.3,7.3,-74.7,546.2,7.3,-71.61532831,461.0,6.5,-66.6,425.0,6.0,{6AF5C2DA-6A6D-4889-BC41-789EF5F4F9FE},
139,143,30041,30041,52749.0,57584.0,291768.0,296234.0,4466.0,0.015,1614.0,1883.0,269.0,16.6,-118.6,1096.0,8.3,-109.3,936.4,7.1,-99.86955133,863.0,6.8,-119.6,982.0,7.7,{7BA0B9AF-F374-4EC9-B1E6-5EB3292F0BD7},
140,144,30024,30024,64614.0,71960.0,263218.0,290349.0,27131.0,0.103,1573.0,1862.0,289.0,18.4,-144.6,1329.0,8.3,-145.5,1173.9,7.3,-136.6898531,1012.0,6.5,-129.0,916.0,5.9,{A1196E5F-88E9-4C4A-BB42-C9279AE24948},
141,145,30132,30132,34215.0,36238.0,179680.0,156973.0,-22707.0,-0.126,1114.0,1248.0,133.0,12.0,-81.1,1825.3,23.7,-73.9,1617.9,21.0,-55.1585714,966.0,13.9,-49.5,684.0,9.8,{44A8928C-A008-4ADE-8A2E-EF85FD4A11DE},
142,146,30101,30101,54373.0,57205.0,196181.0,201636.0,5455.0,0.028,1312.0,1442.0,130.0,9.9,-141.1,1898.4,14.0,-139.5,1676.7,12.4,-139.2645546,1266.0,9.7,-115.0,997.0,7.7,{FC8D01FB-1094-412A-9427-7143C70CB9BC},
143,147,30179,30179,16807.0,17899.0,126191.0,115516.0,-10675.0,-0.085,904.0,989.0,85.0,9.4,-32.0,1013.7,27.4,-29.3,900.3,24.4,-20.72496958,563.0,16.7,-20.3,445.0,13.2,{50AB7D2F-5BDE-4B40-9CA0-51A5DFDF3366},
144,148,30157,30157,45123.0,48513.0,147269.0,131792.0,-15477.0,-0.105,998.0,1125.0,127.0,12.7,-114.5,2856.3,26.1,-103.7,2410.1,22.0,-77.23297623,1569.0,15.0,-67.1,1027.0,9.8,{4FB16553-4052-405F-A48C-A1E58BF6D57D},
145,149,30180,30180,34274.0,34754.0,158486.0,136958.0,-21528.0,-0.136,1037.0,1110.0,73.0,7.0,-81.2,1794.5,24.3,-81.5,1597.6,21.7,-57.57212569,1184.0,16.5,-53.3,866.0,12.0,{008ECE5C-401E-44C4-8818-E15D950BE3EB},
146,150,30182,30182,2666.0,2712.0,,,,,902.0,934.0,32.0,3.6,-4.0,109.9,23.6,-3.1,92.8,19.9,-3.41946178,95.0,21.1,-3.5,74.0,16.4,{2654DF40-334D-4259-BC48-1CD1F63D3EBD},
147,151,30263,30263,53008.0,55013.0,152691.0,156097.0,3406.0,0.022,1079.0,1203.0,124.0,11.4,-99.0,1720.2,17.6,-89.8,1531.5,15.6,-67.39044166,1126.0,12.6,-60.2,809.0,9.0,{92B43EDE-268F-46A1-9AFA-C7C6EC06463A},
148,152,30120,30120,38085.0,39361.0,140409.0,124727.0,-15682.0,-0.112,962.0,1027.0,65.0,6.8,-50.6,1247.0,18.8,-52.7,1115.9,16.8,-35.66327533,705.0,12.8,-31.4,499.0,9.1,{F9EC75BF-72FE-4420-9312-B9204AFE78A1},
149,153,30184,30184,6847.0,7180.0,,,,,1117.0,1221.0,103.0,9.3,-13.4,265.5,17.1,-13.6,236.5,15.3,-7.28459946,149.0,11.3,-7.2,108.0,8.2,{EE44E075-BE7C-4BFB-9E99-B806EB2B8D21},
150,154,30171,30171,3491.0,3170.0,,,,,,,,,-5.1,104.2,14.6,-4.1,101.4,14.2,-3.97209507,103.0,13.4,,,,{A2EB3FDC-BF84-4F01-A443-22ABF963CFBA},
151,155,30145,30145,8378.0,7812.0,,,,,991.0,1056.0,65.0,6.6,-13.4,303.2,17.2,-12.5,235.4,13.3,-7.11045881,156.0,10.1,-7.3,138.0,9.0,{58FB015A-5290-4A8C-AB5B-1DC5B9C87BE9},
152,156,30103,30103,14781.0,16358.0,126185.0,112564.0,-13621.0,-0.108,921.0,976.0,55.0,6.0,-20.6,573.4,20.8,-23.8,579.4,21.0,-18.72019073,411.0,15.2,-18.0,305.0,11.3,{618CCDA1-E264-44A6-A315-6AA57D62BD40},
153,157,30527,30527,4043.0,4659.0,,,,,1113.0,1215.0,102.0,9.1,-5.1,111.1,13.4,-5.9,119.0,14.3,-3.77809209,92.0,11.5,-3.5,74.0,9.2,{766F4E7D-FA3D-4F11-BE68-88D12BC56BD4},
154,158,30504,30504,22463.0,23601.0,130002.0,168723.0,38721.0,0.298,976.0,1154.0,178.0,18.3,-19.6,410.4,17.5,-19.8,400.7,17.1,-18.53265377,354.0,14.9,-27.9,334.0,14.0,{CABA81C9-D25D-4C98-B706-43DEC0AE5B7A},
155,159,30566,30566,7906.0,8234.0,131934.0,120132.0,-11802.0,-0.089,964.0,1126.0,162.0,16.8,-13.5,223.3,15.6,-12.4,218.0,15.3,-9.43690773,132.0,10.2,-8.4,88.0,6.8,{65EB6EF9-625F-4167-8F4B-566F3745BFB8},
156,160,30518,30518,45211.0,48445.0,193645.0,198438.0,4793.0,0.025,1267.0,1438.0,170.0,13.5,-92.0,1240.7,12.5,-90.8,1075.3,10.8,-73.78992902,792.0,8.6,-64.6,562.0,6.1,{6F71FC35-5AA2-47B1-B0C6-D6BA5048219C},
157,161,30519,30519,39812.0,42904.0,213630.0,197606.0,-16024.0,-0.075,1302.0,1471.0,169.0,13.0,-85.7,1226.6,13.5,-84.8,1025.3,11.2,-55.75391582,676.0,7.9,-57.5,542.0,6.4,{83C98B8A-B88F-492A-83CD-DDB92C16749A},
158,162,30542,30542,31946.0,35837.0,199378.0,171521.0,-27857.0,-0.14,1167.0,1358.0,191.0,16.4,-68.5,1044.7,14.0,-71.1,978.1,13.1,-51.46249513,680.0,9.7,-51.2,552.0,7.9,{E13A32CC-AD30-4541-AD94-3F5D02FC9AD6},
159,163,30554,30554,8535.0,7456.0,,,,,967.0,1141.0,174.0,18.0,-9.1,302.4,17.9,-8.9,281.2,16.6,-6.22593297,169.0,10.8,-9.0,136.0,8.8,{602824FF-D492-449A-A57E-5A880ED5E97F},
160,164,30507,30507,28399.0,29735.0,148705.0,126710.0,-21995.0,-0.148,963.0,1138.0,175.0,18.1,-39.0,966.0,21.5,-38.4,972.3,21.7,-28.66812898,691.0,17.0,-26.1,466.0,11.4,{72030D28-4DCA-4B92-B2B1-247E2B9B6457},
161,165,30506,30506,41667.0,42886.0,196672.0,182699.0,-13973.0,-0.071,1274.0,1426.0,151.0,11.9,-90.6,1126.3,12.4,-81.8,979.3,10.8,-58.70404008,740.0,8.6,-63.3,643.0,7.5,{9998AAE5-4120-4390-AFCE-8DAEB99F4376},
162,166,30011,30011,14402.0,14600.0,176205.0,131133.0,-45072.0,-0.256,1022.0,1148.0,127.0,12.4,-30.4,702.3,20.9,-31.1,584.0,17.4,-20.36377821,376.0,10.7,-17.4,217.0,6.2,{D7CB9B86-3FAA-470D-A87F-9CC2FA5DB32E},
163,167,30620,30620,12486.0,12460.0,147633.0,135134.0,-12499.0,-0.085,1041.0,1156.0,115.0,11.1,-23.0,588.5,18.8,-20.7,444.1,14.2,-15.29596922,289.0,9.6,-14.0,199.0,6.6,{E1D86444-E658-4344-9B05-F58EC50FAB8D},
164,168,30680,30680,37837.0,40151.0,140701.0,124496.0,-16205.0,-0.115,985.0,1113.0,128.0,13.0,-56.0,1593.8,20.5,-50.8,1403.0,18.0,-33.79826479,864.0,12.0,-31.9,618.0,8.6,{44E35267-E4F4-48CB-A914-766B34C4212B},
165,169,30666,30666,8659.0,9837.0,,,,,1009.0,1131.0,122.0,12.1,-13.9,376.7,19.2,-12.1,296.1,15.1,-10.74613364,163.0,9.1,-11.7,127.0,7.1,{56992210-C6E2-443E-B486-5D9C090F05EF},
166,170,30641,30641,1810.0,1764.0,,,,,1134.0,1184.0,50.0,4.4,-2.7,56.8,14.2,-3.3,51.1,12.7,-2.64702706,40.0,8.0,-1.9,30.0,6.0,{A2D834C2-7F9B-44B8-93E1-E02D5D4AAF05},
167,171,30052,30052,59451.0,59699.0,190188.0,158538.0,-31650.0,-0.166,1200.0,1330.0,130.0,10.9,-146.1,2780.5,19.6,-135.7,2311.8,16.3,-90.06253488,1491.0,11.7,-85.7,1113.0,8.8,{2AC2A0E7-5EBC-4541-9D31-58DA5B530F75},
168,172,30655,30655,24136.0,23928.0,144145.0,132961.0,-11184.0,-0.078,977.0,1087.0,110.0,11.3,-32.0,850.8,20.4,-28.6,704.8,16.9,-20.69675511,419.0,11.5,-18.3,302.0,8.3,{D4B8C838-1A8C-47AE-ADF1-B4FA8D1539F8},
169,173,30025,30025,9270.0,9312.0,,,,,1083.0,1163.0,80.0,7.4,-16.9,359.9,19.1,-15.6,301.8,16.0,-9.21501116,205.0,12.4,-8.9,165.0,10.0,{08CAC1EE-46A1-4B2C-8515-DEAF3EBFC9F0},
170,174,30656,30656,15133.0,16036.0,160294.0,149451.0,-10843.0,-0.068,1068.0,1185.0,117.0,11.0,-29.8,647.0,18.3,-27.3,547.0,15.5,-18.67899215,395.0,11.6,-17.1,273.0,8.0,{DA3D5C1A-374F-4C04-92F1-9719348614A8},
171,175,30016,30016,51140.0,52641.0,152399.0,122107.0,-30292.0,-0.199,966.0,1010.0,44.0,4.6,-203.2,4951.1,40.7,-179.2,4385.4,36.1,-130.0573556,3149.0,28.4,-107.4,2129.0,19.2,{40ECAE36-1EAC-4F39-AD5E-BF8528E25197},
172,176,30054,30054,11985.0,11472.0,,,,,1030.0,1142.0,112.0,10.9,-23.7,508.6,20.7,-19.4,432.3,17.6,-19.63166013,384.0,16.1,-15.2,275.0,11.5,{2BC9640C-A3DE-42F0-89AE-F82FB086C563},
173,177,30014,30014,35037.0,37433.0,166019.0,126390.0,-39629.0,-0.239,934.0,996.0,62.0,6.6,-82.8,1741.2,28.3,-78.6,1545.7,25.1,-63.28410644,1140.0,19.0,-57.8,944.0,15.8,{12B56200-6E3B-4F78-A6FF-C3D9E9FFB6F6},
174,178,30680,30680,37837.0,40151.0,140701.0,124496.0,-16205.0,-0.115,985.0,1113.0,128.0,13.0,-56.0,1593.8,20.5,-50.8,1403.0,18.0,-33.79826479,864.0,12.0,-31.9,618.0,8.6,{FF47467E-0DB4-40BA-8431-27CF24D3E35A},
175,179,30055,30055,3018.0,2397.0,,,,,,,,,-4.4,134.0,19.5,-3.9,114.5,16.7,-2.80200934,77.0,11.8,,,,{2DF9831F-91FD-4EAF-AF42-15D3D5FC4F6C},
176,180,30185,30185,3892.0,3859.0,,,,,890.0,894.0,4.0,0.4,-5.2,136.3,18.9,-4.8,115.8,16.0,-3.26816743,91.0,15.6,-3.3,72.0,12.3,{65C81692-7E85-48FC-9CAF-063AB610D5B8},
177,181,30083,30083,50384.0,54845.0,133520.0,82377.0,-51143.0,-0.383,950.0,987.0,38.0,4.0,-163.0,3599.7,43.5,-148.4,3318.6,40.1,-123.2670816,2646.0,33.8,-100.3,1974.0,25.2,{EC6777D1-A1E0-4B6D-B74F-D6DE78081E58},
178,182,30548,30548,,,289627.0,247734.0,-41893.0,-0.145,1412.0,1602.0,190.0,13.5,,,,,,,,,,-21.9,220.0,5.8,{97629E11-E716-44F3-9C19-2CDA5919B4A5},
179,183,30548,30548,,,289627.0,247734.0,-41893.0,-0.145,1412.0,1602.0,190.0,13.5,,,,,,,,,,-21.9,220.0,5.8,{8AB8FC92-8BD7-477D-A4AF-29812B8D4BEA},
180,184,30517,30517,,,208238.0,196645.0,-11593.0,-0.056,1280.0,1443.0,163.0,12.8,,,,,,,,,,-22.2,234.0,7.7,{8DCF1CDD-5197-46CD-AE5F-FB52EFB6440D},
181,185,30548,30548,,,289627.0,247734.0,-41893.0,-0.145,1412.0,1602.0,190.0,13.5,,,,,,,,,,-21.9,220.0,5.8,{014759BE-371D-47E4-B5AC-EAA63757BB99},
