,county,median
0,san mateo,1582169
1,nantucket,1563861
2,santa clara,1512497
3,marin,1473514
4,san francisco,1464880
5,dukes,1238496
6,teton,1232564
7,new york,1110547
8,santa cruz,1082135
9,alameda,1077467
10,maui,1030181
11,orange,1029214
12,falls church city,981739
13,pitkin,980126
14,honolulu,968038
15,kauai,961955
16,summit,960154
17,monroe,954012
18,kings,936335
19,san diego,934402
20,king,929774
21,arlington,912761
22,los angeles,890716
23,san luis obispo,882047
24,napa,879340
25,contra costa,875183
26,ventura,872457
27,williamson,862333
28,santa barbara,862274
29,summit,861486
30,eagle,859473
31,monterey,836922
32,gallatin,829979
33,boulder,820181
34,sonoma,818928
35,san benito,811499
36,douglas,793085
37,middlesex,787569
38,district of columbia,784525
39,suffolk,783020
40,routt,765795
41,loudoun,759346
42,snohomish,759090
43,queens,757755
44,fairfax,757472
45,san juan,743640
46,norfolk,740967
47,placer,740068
48,alexandria city,738383
49,nassau,731552
50,broomfield,724898
51,blaine,718598
52,el dorado,718367
53,richmond,714674
54,deschutes,713234
55,ouray,708622
56,westchester,699802
57,fairfax city,698917
58,jefferson,689672
59,barnstable,688252
60,nevada,687450
61,wasatch,682267
62,denver,681243
63,elbert,677847
64,montgomery,670576
65,collier,657623
66,hawaii,654312
67,essex,650959
68,whatcom,650325
69,newport,647849
70,bergen,647042
71,san miguel,643531
72,larimer,639709
73,clackamas,639349
74,howard,636214
75,solano,633442
76,flathead,631323
77,yolo,630856
78,forsyth,616048
79,island,610912
80,travis,609625
81,utah,609398
82,riverside,609299
83,kootenai,607121
84,arapahoe,605759
85,washington,598213
86,monmouth,596643
87,morris,595227
88,morgan,594842
89,washington,594619
90,rockland,593692
91,clear creek,593053
92,hood river,589653
93,salt lake,588713
94,gunnison,584882
95,multnomah,584421
96,fairfield,579772
97,skagit,579246
98,plymouth,578535
99,la plata,577366
100,suffolk,576224
101,pierce,575639
102,st. johns,573924
103,ada,572812
104,san bernardino,571856
105,davis,571515
106,missoula,571297
107,washoe,568847
108,benton,567783
109,kitsap,565134
110,walton,562830
111,washington,562521
112,fauquier,562248
113,chelan,560870
114,chaffee,558443
115,charleston,557579
116,somerset,555333
117,rappahannock,554307
118,san joaquin,553133
119,hudson,552500
120,chatham,552370
121,sacramento,550422
122,bronx,548841
123,teton,545959
124,douglas,544824
125,essex,543648
126,clark,543165
127,miami-dade,541837
128,fulton,538765
129,collin,538289
130,coconino,537155
131,weld,535802
132,prince william,535664
133,union,535386
134,adams,534175
135,hunterdon,533497
136,thurston,533152
137,goochland,529495
138,wake,527677
139,cumberland,526852
140,rockingham,525046
141,palm beach,524918
142,williamson,520953
143,orange,520802
144,kendall,520664
145,gilpin,517695
146,maricopa,516442
147,cape may,516102
148,garfield,514825
149,cache,513377
150,stafford,512359
151,sarasota,508658
152,jefferson,506106
153,valley,503614
154,grand,503014
155,fayette,502967
156,anne arundel,502673
157,chittenden,502182
158,bristol,502086
159,mendocino,501398
160,el paso,501128
161,broward,500480
162,beaufort,498922
163,yamhill,498671
164,park,497943
165,cherokee,497140
166,albemarle,495784
167,putnam,495727
168,chester,495630
169,martin,495401
170,wilson,493739
171,josephine,493169
172,denton,492773
173,delaware,491302
174,yavapai,490328
175,davidson,489829
176,comal,489281
177,tooele,488765
178,stanislaus,486386
179,bristol,486304
180,james city,484157
181,calvert,482145
182,rockwall,482007
183,clark,479988
184,archuleta,478320
185,union,476751
186,manatee,476592
187,weber,475716
188,mineral,475636
189,passaic,475308
190,santa fe,475281
191,cobb,474801
192,clallam,474158
193,mecklenburg,471823
194,spokane,470279
195,carroll,470099
196,hillsborough,469216
197,clarke,469028
198,mason,468444
199,polk,468413
200,grand,468337
201,middlesex,468226
202,frederick,468091
203,park,467884
204,carver,467810
205,sumter,466188
206,mono,466147
207,new hanover,465675
208,hays,464991
209,buncombe,464935
210,worcester,464541
211,lane,461421
212,sumner,460358
213,sitka city and borough,458682
214,kittitas,458314
215,oconee,456594
216,seminole,455786
217,madison,455530
218,dare,455164
219,york,454606
220,hinsdale,454431
221,charlottesville city,453587
222,parker,453526
223,bucks,453296
224,hanover,453289
225,york,452824
226,durham,452381
227,washington,452232
228,clatsop,452160
229,alpine,451927
230,lewis and clark,450134
231,benton,449684
232,queen anne's,449665
233,nassau,449647
234,dutchess,449362
235,ravalli,449282
236,fredericksburg city,447831
237,humboldt,447506
238,poquoson city,447250
239,juneau city and borough,446709
240,bonneville,446601
241,orange,445503
242,st. mary's,444416
243,madera,443842
244,prince george's,443615
245,san juan,442889
246,cowlitz,442855
247,montgomery,440206
248,lee,440056
249,marion,439919
250,hamilton,439484
251,skamania,439305
252,canyon,439226
253,yuba,438189
254,gillespie,438100
255,bonner,437475
256,johnson,437444
257,hillsborough,436723
258,mesa,436628
259,linn,436500
260,twin falls,436059
261,waukesha,435084
262,charles,434481
263,scott,433562
264,dane,432643
265,jefferson,432100
266,maury,431514
267,frederick,431103
268,merced,430766
269,boone,430614
270,ozaukee,429393
271,sutter,429333
272,lewis,429223
273,rutherford,428094
274,gwinnett,426100
275,pinellas,425085
276,oldham,424958
277,fresno,424915
278,moore,424857
279,culpeper,424163
280,calaveras,423726
281,anchorage municipality,423527
282,king george,423259
283,dupage,422796
284,jackson,421024
285,talbot,420475
286,jackson,419540
287,franklin,417999
288,amador,417632
289,manassas city,417500
290,orange,415612
291,hennepin,415606
292,merrimack,415119
293,teller,414227
294,butte,414146
295,dekalb,413474
296,los alamos,411611
297,kent,411241
298,lake,410800
299,brunswick,410598
300,pinal,410326
301,richmond city,410250
302,tillamook,410090
303,williamsburg city,409844
304,curry,409824
305,virginia beach city,409594
306,spotsylvania,409419
307,mercer,408579
308,charlotte,407747
309,coweta,407646
310,powhatan,406960
311,providence,406750
312,new kent,406697
313,henderson,406631
314,aleutians west census area,405929
315,chesterfield,405907
316,klickitat,405327
317,fort bend,404442
318,leelanau,403724
319,sublette,403553
320,shasta,403179
321,carson city,401346
322,harford,401345
323,cabarrus,401282
324,york,401001
325,grand isle,400975
326,okaloosa,400650
327,washtenaw,400006
328,chesapeake city,399744
329,ocean,398706
330,tuolumne,398513
331,st. lucie,397522
332,yellowstone,397078
333,dakota,396937
334,osceola,396311
335,crook,393500
336,brevard,393339
337,douglas,393333
338,ketchikan gateway borough,393084
339,indian river,392954
340,stillwater,392625
341,hall,390933
342,carbon,390644
343,henrico,389455
344,warren,388763
345,kodiak island borough,387971
346,strafford,387821
347,new london,387105
348,blanco,387099
349,manassas park city,386700
350,santa rosa,386391
351,sherburne,386353
352,ulster,385316
353,livingston,384977
354,middlesex,384886
355,litchfield,382412
356,grand traverse,381354
357,lincoln,381158
358,walton,380729
359,berkeley,380206
360,robertson,379348
361,park,378909
362,ellis,378847
363,clay,378815
364,dorchester,378667
365,wallowa,378238
366,sheridan,377866
367,broadwater,377289
368,baltimore,377185
369,carteret,377132
370,lancaster,377064
371,lincoln,377015
372,suffolk city,376802
373,columbia,375023
374,sanders,374165
375,juab,373532
376,bedford,373385
377,platte,373323
378,kings,372628
379,montgomery,372619
380,sussex,371796
381,boundary,371479
382,knox,370866
383,latah,370346
384,carroll,370326
385,lincoln,370043
386,dawson,369074
387,madison,369071
388,oakland,368741
389,addison,368644
390,isle of wight,368448
391,warren,366996
392,st. croix,366851
393,washington,365901
394,tarrant,365628
395,northumberland,365230
396,wright,364354
397,benton,363855
398,new haven,362561
399,kaufman,362085
400,rockingham,362081
401,mariposa,361589
402,hamilton,361252
403,kern,361090
404,shelby,360511
405,delta,360216
406,madison,360190
407,lake,360137
408,walla walla,360131
409,cecil,359901
410,grafton,359842
411,brazos,359841
412,paulding,359778
413,lake,359626
414,pima,359576
415,trinity,359438
416,colusa,359080
417,new castle,357896
418,iredell,357634
419,grant,356755
420,johnson,356386
421,tulare,356334
422,lincoln,356085
423,montrose,355519
424,volusia,355212
425,jefferson,354747
426,pennington,354603
427,dallas,354472
428,transylvania,354331
429,beaverhead,353575
430,watauga,353340
431,mathews,353236
432,custer,352965
433,lake,352701
434,custer,352566
435,matanuska-susitna borough,352449
436,granite,352439
437,wayne,352331
438,grays harbor,352080
439,duval,351879
440,anoka,351868
441,orange,351789
442,tolland,351693
443,saratoga,351689
444,mckenzie,351349
445,washington,351065
446,lake,350835
447,laramie,349936
448,greenville,349368
449,atlantic,348893
450,winchester city,348466
451,box elder,348436
452,bannock,348302
453,inyo,348206
454,johnston,348200
455,worcester,348151
456,bryan,347354
457,blount,347172
458,greene,346864
459,ramsey,346755
460,henry,346735
461,adams,346695
462,glynn,346468
463,cook,346253
464,madison,346238
465,sweet grass,345765
466,hendricks,345691
467,augusta,345586
468,belknap,345274
469,iron,345098
470,columbia,344700
471,currituck,344633
472,rice,344424
473,boise,344232
474,loudon,343993
475,burlington,343863
476,galveston,343078
477,st. charles,342995
478,middlesex,342743
479,geauga,342616
480,pasco,342163
481,dallas,340417
482,pend oreille,340131
483,olmsted,339494
484,baldwin,338870
485,alachua,338834
486,pueblo,338084
487,kent,338020
488,kane,337802
489,chatham,337096
490,douglas,337023
491,taos,336751
492,wasco,336698
493,delaware,336434
494,towns,336210
495,richland,336109
496,sevier,335988
497,hartford,335408
498,wise,335375
499,bay,335333
500,douglas,335238
501,lancaster,335223
502,kane,335222
503,burleigh,334238
504,centre,334174
505,bernalillo,334100
506,horry,333822
507,crook,333795
508,leon,333568
509,cheshire,333566
510,northampton,333170
511,johnson,333143
512,columbia,332988
513,cook,332845
514,kent,332814
515,llano,332724
516,orleans parish,332583
517,morgan,332475
518,sarpy,332108
519,mohave,332031
520,kendall,332007
521,bastrop,331171
522,madison,331094
523,sandoval,329914
524,montgomery,329533
525,clarke,329047
526,fairfield,329002
527,will,328747
528,greene,327888
529,hampden,327707
530,lawrence,327684
531,lehigh,327611
532,minnehaha,327314
533,washington,327075
534,montezuma,326798
535,klamath,326479
536,lamoille,325872
537,tehama,325861
538,jefferson,325682
539,lexington city,325037
540,storey,324295
541,franklin,324260
542,brazoria,324060
543,jefferson,324045
544,barrow,323980
545,kent,323256
546,roanoke,323253
547,hernando,322960
548,grayson,322941
549,polk,322892
550,lyon,322763
551,effingham,322706
552,guadalupe,322700
553,lincoln,322465
554,albany,322190
555,morgan,321833
556,imperial,321637
557,sagadahoc,321416
558,plumas,321320
559,washington,321315
560,jackson,320893
561,camden,320626
562,crow wing,320122
563,rockdale,319818
564,walworth,319668
565,haines borough,319630
566,leavenworth,319436
567,franklin,319424
568,mason,319232
569,catoosa,318826
570,umatilla,318782
571,douglas,318595
572,whitman,318313
573,montgomery,317892
574,yakima,317752
575,rich,316166
576,hancock,316107
577,coos,315995
578,cass,315809
579,fairbanks north star borough,315705
580,door,315112
581,gloucester,314972
582,louisa,314960
583,franklin,314958
584,jefferson,314201
585,moore,314076
586,glenn,313792
587,union,313729
588,warren,313359
589,custer,313271
590,chisago,312388
591,fayette,312290
592,norfolk city,312090
593,lancaster,311984
594,fayette,311621
595,washington,311569
596,desoto,311356
597,botetourt,311318
598,mchenry,311121
599,nelson,310933
600,kenai peninsula borough,310651
601,porter,310396
602,brown,310325
603,knox,310163
604,burnet,309787
605,st. tammany parish,309585
606,bartow,309550
607,asotin,309343
608,lemhi,308598
609,polk,308558
610,hancock,308252
611,beaver,308098
612,clay,307778
613,franklin,307738
614,medina,307691
615,sanpete,307681
616,putnam,307345
617,johnson,307302
618,pender,306856
619,christian,306811
620,monongalia,306747
621,chambers,306437
622,waller,306437
623,wilson,306016
624,warren,305776
625,stevens,305716
626,tompkins,305533
627,windham,305446
628,pickens,305388
629,lancaster,305231
630,albany,304837
631,natrona,304619
632,le sueur,304472
633,fluvanna,304431
634,prince george,304035
635,limestone,303944
636,cheatham,303786
637,butler,303358
638,somervell,303176
639,harrisonburg city,303110
640,windsor,302481
641,st. louis,302201
642,midland,302001
643,wahkiakum,301949
644,spencer,301911
645,gloucester,301865
646,idaho,301658
647,lincoln,301604
648,cass,301335
649,fannin,301067
650,mineral,301036
651,boone,300825
652,campbell,300415
653,johnson,300295
654,gilmer,299684
655,boone,299562
656,cumberland,299550
657,lumpkin,299545
658,jackson,299524
659,union,298577
660,nez perce,298280
661,harris,298270
662,caroline,298244
663,citrus,297714
664,douglas,297078
665,allegan,297067
666,windham,297001
667,camden,296501
668,adams,296401
669,converse,296243
670,hood,295890
671,gaston,295822
672,douglas,295810
673,clay,295418
674,rio blanco,295393
675,outagamie,294944
676,fremont,294860
677,cascade,294813
678,harris,294773
679,washington,294406
680,bradley,294393
681,carroll,293594
682,meade,293361
683,jerome,293303
684,escambia,293139
685,washington,292839
686,wicomico,292607
687,eau claire,292408
688,bexar,292377
689,clermont,292171
690,bennington,291922
691,fremont,291904
692,bristol bay borough,291820
693,forsyth,291678
694,bandera,291582
695,clay,290444
696,stearns,290440
697,kenosha,290355
698,holmes,290230
699,monroe,290107
700,woodford,290024
701,emmet,290010
702,miami,289513
703,shenandoah,288979
704,uintah,288903
705,sullivan,288342
706,elko,288055
707,pierce,287773
708,vilas,287259
709,alamance,287250
710,warren,286655
711,berks,286473
712,kerr,286445
713,phillips,286401
714,king william,286399
715,franklin,286319
716,fayette,285905
717,payette,285513
718,berkeley,285279
719,bell,285169
720,goodhue,285132
721,racine,284536
722,madison,284437
723,shelby,284421
724,union,284209
725,del norte,284038
726,polk,283978
727,camden,283487
728,guilford,283391
729,sweetwater,283334
730,newport news city,283287
731,gem,283252
732,okanogan,283248
733,riley,283095
734,piute,282922
735,campbell,282704
736,sauk,282443
737,smith,282324
738,clinton,282140
739,lebanon,281968
740,androscoggin,281841
741,benzie,281488
742,butler,281277
743,greene,281197
744,caroline,280815
745,becker,280679
746,dickson,280600
747,pike,280552
748,story,280536
749,rowan,280475
750,fallon,279878
751,sevier,279862
752,musselshell,279594
753,kenton,279592
754,pacific,279092
755,hubbard,279025
756,monroe,278907
757,benewah,278715
758,licking,277878
759,walker,277810
760,york,277765
761,brookings,277675
762,la crosse,276770
763,marion,276687
764,sierra,276509
765,portsmouth city,276180
766,jefferson,275987
767,essex,275409
768,king and queen,275343
769,white,275194
770,catawba,275078
771,gulf,275068
772,siskiyou,274359
773,platte,274338
774,monroe,274069
775,glasscock,274032
776,garfield,273880
777,union,273659
778,spartanburg,273506
779,newton,273476
780,churchill,273390
781,williams,273334
782,oneida,273050
783,madison,272978
784,westmoreland,272953
785,amelia,272842
786,franklin,272208
787,columbia,272194
788,orange,271738
789,isanti,271720
790,teton,271642
791,duchesne,271099
792,stark,271063
793,lafayette,270905
794,anderson,270889
795,rockbridge,270756
796,moffat,270699
797,fremont,270687
798,morton,270188
799,bingham,269935
800,craven,269926
801,wagoner,269696
802,ward,269587
803,harnett,269076
804,columbia,268962
805,gila,268554
806,scott,268426
807,austin,267768
808,brown,267682
809,mclennan,267571
810,lagrange,267438
811,haywood,267409
812,cass,267320
813,cass,267262
814,georgetown,266421
815,otter tail,266047
816,rensselaer,265694
817,hunt,265329
818,ferry,265326
819,richland,264416
820,salem city,264223
821,hampton city,264210
822,custer,264116
823,ascension parish,264111
824,east baton rouge parish,264111
825,rabun,263987
826,warren,263945
827,kalamazoo,263726
828,shelby,263583
829,pickens,263284
830,liberty,263269
831,dickinson,263260
832,jefferson parish,262515
833,anderson,262306
834,faulkner,261939
835,kennebec,261648
836,jackson,261015
837,canadian,260943
838,blue earth,260760
839,cassia,260446
840,philadelphia,260256
841,sheboygan,260089
842,tuscaloosa,259875
843,real,259730
844,humboldt,259702
845,stone,259539
846,st. charles parish,259536
847,huerfano,259291
848,dunn,259253
849,perquimans,258738
850,macomb,258660
851,randall,258555
852,surry,258350
853,calumet,258319
854,grand forks,258293
855,hamilton,258065
856,iowa,257988
857,dodge,257920
858,hughes,257782
859,bedford,257648
860,lee,257235
861,cannon,257136
862,jefferson,257093
863,nicollet,256722
864,grundy,256309
865,dekalb,256068
866,daggett,255659
867,tippecanoe,255605
868,lee,255547
869,meagher,255454
870,livingston parish,255410
871,rogers,254552
872,tulsa,254552
873,onslow,254472
874,erie,254349
875,greene,254342
876,milwaukee,254221
877,pasquotank,254206
878,payne,254151
879,waldo,254046
880,denali borough,253909
881,do√±a ana,253901
882,saline,253357
883,millard,253294
884,west feliciana parish,253175
885,plaquemines parish,252863
886,richmond,252792
887,floyd,252668
888,oconee,252666
889,fond du lac,252654
890,miami,252644
891,polk,252637
892,hemphill,252579
893,camden,252504
894,lassen,252491
895,greene,252465
896,dinwiddie,252442
897,lauderdale,252342
898,baker,252291
899,morgan,252159
900,clearwater,251665
901,rock,251652
902,granville,251516
903,charlevoix,251395
904,codington,251289
905,elmore,251099
906,penobscot,251090
907,wood,250969
908,marshall,250917
909,columbia,250692
910,macon,250524
911,lexington,250457
912,dauphin,250400
913,wheeler,250301
914,cleveland,250263
915,davie,249617
916,winnebago,249592
917,st. clair,249584
918,madison,249483
919,goshen,249433
920,chippewa,249414
921,dodge,249383
922,pope,249252
923,aitkin,248998
924,cole,248933
925,uinta,248912
926,trousdale,248895
927,colonial heights city,248625
928,yancey,248117
929,northampton,248010
930,jessamine,247857
931,butler,247853
932,benton,247725
933,bartholomew,247657
934,yuma,247481
935,portage,247430
936,clay,247283
937,ontario,247125
938,berrien,247036
939,dubuque,246484
940,bullitt,246466
941,cochise,246445
942,garrett,246399
943,montour,246277
944,grimes,246238
945,jefferson,246231
946,bossier parish,246195
947,sullivan,246158
948,owyhee,246145
949,rankin,246135
950,mcclain,246017
951,portage,246007
952,mills,245819
953,baker,245560
954,floyd,245459
955,lapeer,245376
956,camas,245292
957,carbon,245261
958,brewster,245158
959,hartley,245023
960,marquette,245004
961,elmore,244622
962,coffee,244615
963,lampasas,244611
964,cumberland,244486
965,washington,244301
966,wakulla,244250
967,banks,243925
968,winneshiek,243860
969,jasper,243852
970,barry,243581
971,morrison,243527
972,waynesboro city,243487
973,dolores,243455
974,bayfield,243395
975,marion,243288
976,ste. genevieve,243200
977,treasure,242959
978,oneida,242875
979,lake,242788
980,washington,242601
981,madison,242534
982,avery,242452
983,st. louis,242408
984,rio grande,242381
985,greene,242324
986,davidson,242310
987,sioux,242119
988,buffalo,242006
989,cumberland,241751
990,ashe,241744
991,nye,241614
992,carlton,241505
993,smith,241492
994,minidoka,241468
995,allegheny,241408
996,mclean,241358
997,morgan,241292
998,spalding,241286
999,hardin,241081
1000,mitchell,241036
1001,logan,240871
1002,franklin,240701
1003,green,240662
1004,lincoln,240650
1005,sullivan,240459
1006,monroe,240375
1007,putnam,240328
1008,clayton,240314
1009,whitfield,240168
1010,kandiyohi,239964
1011,pickaway,239956
1012,southeast fairbanks census area,239816
1013,sawyer,239491
1014,wabasha,239370
1015,swain,239336
1016,oklahoma,239327
1017,hill,238699
1018,lavaca,238682
1019,lake,238579
1020,niobrara,238481
1021,erath,238277
1022,union,237841
1023,logan,237684
1024,lynchburg city,237474
1025,saunders,237423
1026,highlands,237277
1027,dorchester,237172
1028,meeker,237165
1029,rutland,237119
1030,billings,236882
1031,pottawattamie,236777
1032,bulloch,236731
1033,st. clair,236644
1034,southampton,236637
1035,pottawatomie,236435
1036,mille lacs,236402
1037,houston,236347
1038,brown,236093
1039,wayne,235855
1040,pamlico,235796
1041,steele,235638
1042,caledonia,235515
1043,salem,235492
1044,victoria,235485
1045,jefferson,235457
1046,dunn,235065
1047,houston,235046
1048,warren,235031
1049,mcleod,234748
1050,alleghany,234380
1051,washington,234007
1052,butts,233932
1053,perry,233808
1054,silver bow,233729
1055,clark,233566
1056,judith basin,233445
1057,eaton,233342
1058,roane,233301
1059,schenectady,233295
1060,pike,233228
1061,hot springs,233135
1062,lake,233094
1063,santa cruz,233066
1064,washakie,233004
1065,cherokee,232822
1066,franklin,232783
1067,cooke,232745
1068,mccracken,232566
1069,staunton city,232501
1070,dearborn,232258
1071,lafayette parish,232231
1072,johnson,232219
1073,washington,232181
1074,allen,232174
1075,calcasieu parish,232147
1076,baltimore city,232105
1077,orleans,232040
1078,aransas,231711
1079,wayne,231481
1080,gooding,231413
1081,hamlin,231396
1082,oliver,231204
1083,lamar,231119
1084,jefferson,231092
1085,franklin city,231080
1086,kosciusko,231028
1087,franklin,230580
1088,madison,230449
1089,yankton,230291
1090,caldwell,230055
1091,lake of the woods,230040
1092,butte,229855
1093,midland,229824
1094,lubbock,229567
1095,stanly,229281
1096,winona,229276
1097,gregg,229185
1098,marathon,229063
1099,lenawee,229025
1100,burke,228785
1101,lorain,228703
1102,charles city,228356
1103,valley,228333
1104,kearney,228210
1105,pulaski,228124
1106,aiken,228067
1107,daniels,228049
1108,west baton rouge parish,227893
1109,mclean,227797
1110,caribou,227731
1111,elkhart,227681
1112,adams,227533
1113,weston,227528
1114,morgan,227501
1115,oconto,227457
1116,cumberland,227335
1117,tangipahoa parish,227324
1118,warrick,227119
1119,dekalb,227000
1120,bear lake,226881
1121,navajo,226870
1122,pitt,226845
1123,floyd,226815
1124,kewaunee,226797
1125,seward,226707
1126,hamilton,226687
1127,monroe,226639
1128,craig,226495
1129,troup,226492
1130,scott,226380
1131,burnett,226214
1132,page,226169
1133,carbon,225992
1134,mccone,225919
1135,banner,225805
1136,wyoming,225626
1137,las animas,225605
1138,pine,225587
1139,hamilton,225425
1140,morrow,225350
1141,muskegon,225320
1142,moody,225179
1143,bath,225006
1144,yuma,224996
1145,lincoln,224995
1146,monroe,224612
1147,beltrami,224569
1148,antrim,224498
1149,lackawanna,224454
1150,lake,224447
1151,cape girardeau,224439
1152,madison,224425
1153,brule,224212
1154,tipton,224150
1155,chouteau,223931
1156,cumberland,223881
1157,anderson,223718
1158,valencia,223693
1159,franklin,223310
1160,long,223164
1161,nash,222822
1162,kanabec,222788
1163,radford city,222706
1164,lewis,222349
1165,washburn,222049
1166,lincoln,221924
1167,trigg,221888
1168,habersham,221788
1169,whitley,221750
1170,van buren,221566
1171,accomack,221516
1172,amherst,221516
1173,linn,221223
1174,butte,221035
1175,power,220270
1176,monroe,220125
1177,lincoln,219968
1178,garfield,219955
1179,stanley,219930
1180,plymouth,219860
1181,thomas,219851
1182,meigs,219839
1183,cullman,219775
1184,bremer,219746
1185,osage,219499
1186,sibley,219479
1187,gosper,219476
1188,snyder,219354
1189,vernon,219316
1190,trempealeau,219056
1191,caldwell,218979
1192,phillips,218819
1193,medina,218621
1194,cayuga,218582
1195,lee,218518
1196,hoke,218423
1197,susquehanna,218362
1198,webster,218279
1199,carbon,218103
1200,hart,218052
1201,appomattox,218000
1202,craighead,217874
1203,onondaga,217874
1204,oxford,217833
1205,creek,217811
1206,sedgwick,217810
1207,itasca,217698
1208,lamar,217559
1209,colorado,217499
1210,dawson,216831
1211,campbell,216783
1212,lee,216626
1213,summit,216496
1214,dubois,216412
1215,north slope borough,216371
1216,davison,216338
1217,madison,216318
1218,van zandt,216284
1219,kit carson,216210
1220,essex,216190
1221,ohio,216178
1222,toole,216121
1223,giles,216115
1224,saguache,216076
1225,rio arriba,215703
1226,lowndes,215599
1227,mills,215475
1228,garland,215372
1229,gordon,215285
1230,alamosa,215271
1231,surry,215261
1232,lee,215260
1233,malheur,215131
1234,highland,215054
1235,mcintosh,215020
1236,harrison,214935
1237,mccook,214931
1238,montcalm,214778
1239,taylor,214720
1240,cass,214710
1241,callaway,214484
1242,laporte,214333
1243,coryell,214298
1244,pulaski,214273
1245,sequatchie,214242
1246,buffalo,214110
1247,muscogee,213998
1248,st. joseph,213914
1249,champaign,213677
1250,wilkes,213420
1251,jasper,213397
1252,fergus,213281
1253,lonoke,213266
1254,fannin,213181
1255,haralson,213119
1256,mcminn,212964
1257,monroe,212938
1258,mason,212914
1259,manitowoc,212808
1260,mercer,212777
1261,garfield,212728
1262,clinton,212698
1263,barron,212678
1264,pondera,212571
1265,fillmore,212482
1266,grant,212477
1267,lake,212477
1268,ionia,212467
1269,maries,212398
1270,ellis,212358
1271,wayne,212306
1272,lincoln,212231
1273,franklin,212166
1274,chowan,212145
1275,franklin,212102
1276,marquette,212027
1277,nueces,211911
1278,fulton,211910
1279,graham,211802
1280,hancock,211772
1281,knox,211772
1282,green lake,211637
1283,hancock,211628
1284,perry,211595
1285,alexander,211566
1286,harrison,211502
1287,big horn,211435
1288,lander,211428
1289,cheyenne,211379
1290,morrow,211353
1291,kingfisher,211174
1292,andrews,211157
1293,rock,211082
1294,westmoreland,211037
1295,taney,210925
1296,wharton,210887
1297,jefferson,210831
1298,putnam,210661
1299,waseca,210573
1300,st. louis city,210505
1301,mercer,210379
1302,nelson,210246
1303,catron,210184
1304,oktibbeha,210132
1305,harrison,210122
1306,person,209835
1307,yakutat city and borough,209637
1308,kershaw,209636
1309,morgan,209452
1310,hanson,209430
1311,sherman,209424
1312,deuel,209292
1313,daviess,209282
1314,howard,209224
1315,yoakum,209133
1316,coffee,208912
1317,lyon,208792
1318,steuben,208720
1319,union,208621
1320,ripley,208591
1321,mobile,208510
1322,emery,208505
1323,autauga,208359
1324,cedar,208295
1325,bourbon,208262
1326,niagara,207999
1327,madison,207958
1328,tom green,207889
1329,prince edward,207817
1330,cuyahoga,207798
1331,pulaski,207791
1332,san patricio,207776
1333,waupaca,207732
1334,wood,207649
1335,gates,207614
1336,rains,207514
1337,walker,207477
1338,black hawk,207468
1339,marshall,207455
1340,platte,207452
1341,stewart,207363
1342,posey,207064
1343,big horn,207057
1344,otsego,207055
1345,hall,206819
1346,phelps,206774
1347,rockingham,206625
1348,lafayette,206610
1349,shackelford,206570
1350,boone,206478
1351,wood,206430
1352,pennington,206247
1353,stokes,206181
1354,garrard,206021
1355,deer lodge,205897
1356,upshur,205744
1357,sumter,205690
1358,lincoln,205625
1359,jefferson,205417
1360,henderson,205355
1361,roanoke city,205321
1362,christian,205288
1363,jackson,205204
1364,hamblen,205129
1365,stark,204952
1366,otsego,204895
1367,waushara,204738
1368,franklin,204701
1369,mineral,204644
1370,stevens,204593
1371,boyle,204569
1372,beaver,204528
1373,powell,204477
1374,peach,204217
1375,randolph,204162
1376,jeff davis,204006
1377,grant,203957
1378,lyon,203957
1379,meade,203548
1380,clark,203505
1381,ouachita parish,203434
1382,carroll,203422
1383,marion,203320
1384,sullivan,203225
1385,hampshire,203175
1386,washington,203047
1387,webb,202894
1388,cooper,202890
1389,bledsoe,202796
1390,harrison,202588
1391,lycoming,202530
1392,woodford,202494
1393,nottoway,202389
1394,mcpherson,202386
1395,simpson,202323
1396,beaufort,202232
1397,laurens,202214
1398,white pine,202140
1399,jackson,201875
1400,oglethorpe,201777
1401,chase,201756
1402,sebastian,201670
1403,putnam,201544
1404,rhea,201507
1405,cleveland,201241
1406,columbia,200868
1407,douglas,200867
1408,shoshone,200822
1409,woodbury,200603
1410,yadkin,200408
1411,pepin,200313
1412,wilson,200249
1413,eddy,200227
1414,polk,200172
1415,erie,200140
1416,daviess,200002
1417,humphreys,199931
1418,juniata,199751
1419,unicoi,199693
1420,scott,199678
1421,finney,199432
1422,custer,199407
1423,tuscarawas,199345
1424,bristol city,199307
1425,st. james parish,199280
1426,todd,199249
1427,kankakee,199170
1428,lincoln,199097
1429,benton,199053
1430,rapides parish,198966
1431,jasper,198842
1432,mountrail,198840
1433,ingham,198778
1434,martin,198744
1435,putnam,198717
1436,armstrong,198691
1437,white,198679
1438,rosebud,198655
1439,ottawa,198622
1440,terrebonne parish,198612
1441,polk,198349
1442,tate,197748
1443,franklin,197672
1444,lincoln,197579
1445,lyon,197569
1446,bibb,197485
1447,taylor,197189
1448,clinton,197056
1449,st. francois,196998
1450,montgomery,196864
1451,moniteau,196797
1452,houston,196681
1453,white,196637
1454,carter,196596
1455,wilkin,196450
1456,overton,196351
1457,lincoln,196273
1458,arthur,196187
1459,delaware,196125
1460,washington,196049
1461,ray,195988
1462,pickett,195921
1463,lafayette,195627
1464,calloway,195588
1465,goliad,195459
1466,adams,195237
1467,dewitt,195236
1468,wayne,195194
1469,el paso,195166
1470,shiawassee,194938
1471,barry,194855
1472,east feliciana parish,194850
1473,woodward,194802
1474,yates,194797
1475,genesee,194715
1476,archer,194695
1477,grady,194549
1478,stutsman,194525
1479,turner,194474
1480,dillingham census area,194422
1481,vanderburgh,194404
1482,st. clair,194237
1483,ross,194198
1484,montgomery,194008
1485,macon,194004
1486,shelby,193947
1487,newton,193936
1488,bradford,193920
1489,cheboygan,193873
1490,iowa,193869
1491,hawkins,193859
1492,edgefield,193740
1493,richland,193545
1494,thomas,193402
1495,nemaha,193399
1496,borden,193347
1497,grant,193129
1498,howard,193110
1499,liberty,193092
1500,pulaski,193079
1501,tioga,193052
1502,carter,192993
1503,oneida,192992
1504,grant,192835
1505,florence,192780
1506,marshall,192566
1507,san juan,192478
1508,hopkins,192403
1509,mercer,192367
1510,wyandotte,192232
1511,luzerne,192147
1512,shawano,192113
1513,shawnee,191969
1514,murray,191870
1515,calhoun,191741
1516,clark,191642
1517,clearwater,191615
1518,san juan,191535
1519,otoe,191504
1520,johnson,191482
1521,somerset,191428
1522,ramsey,191345
1523,alger,191343
1524,pierce,191124
1525,jefferson,190899
1526,poweshiek,190761
1527,mason,190570
1528,decatur,190514
1529,gilchrist,190482
1530,orange,190455
1531,nacogdoches,190109
1532,jo daviess,189900
1533,wells,189800
1534,roberts,189704
1535,lincoln parish,189655
1536,wayne,189621
1537,jackson,189611
1538,wabaunsee,189611
1539,st. bernard parish,189588
1540,roseau,189579
1541,harney,189517
1542,crawford,189510
1543,nome census area,189434
1544,athens,189302
1545,boone,189225
1546,rutherford,189203
1547,miller,189096
1548,caddo parish,189074
1549,stone,189021
1550,wayne,188972
1551,forrest,188956
1552,mecklenburg,188948
1553,lafourche parish,188619
1554,auglaize,188549
1555,hillsdale,188547
1556,clinton,188461
1557,clinton,188444
1558,fall river,188432
1559,gray,188352
1560,effingham,188350
1561,boone,188274
1562,stanton,188213
1563,lincoln,188208
1564,st. john the baptist parish,188158
1565,manistee,188147
1566,levy,187802
1567,grundy,187721
1568,clinton,187670
1569,calhoun,187621
1570,sully,187603
1571,bottineau,187371
1572,mcdowell,187362
1573,isabella,187348
1574,huntingdon,187344
1575,montague,187275
1576,shelby,186934
1577,charles mix,186912
1578,forest,186907
1579,cherokee,186789
1580,andrew,186788
1581,dade,186757
1582,colbert,186702
1583,lea,186671
1584,brown,186653
1585,logan,186540
1586,grant,186526
1587,howard,186250
1588,madison,186226
1589,ogle,186205
1590,mercer,186157
1591,dodge,185934
1592,bosque,185926
1593,adams,185899
1594,pottawatomie,185721
1595,jasper,185415
1596,mackinac,185351
1597,dallas,185334
1598,crawford,185190
1599,grainger,185159
1600,florence,184954
1601,sangamon,184874
1602,ector,184837
1603,gasconade,184811
1604,menard,184755
1605,spencer,184745
1606,noble,184617
1607,montgomery,184351
1608,chester,184287
1609,glacier,184171
1610,champaign,184155
1611,gaines,184037
1612,jefferson,183988
1613,houston,183891
1614,calhoun,183884
1615,eureka,183808
1616,freestone,183767
1617,bradford,183764
1618,angelina,183498
1619,matagorda,183498
1620,cleburne,183396
1621,marion,183396
1622,brown,183369
1623,polk,183186
1624,schley,183186
1625,marshall,183044
1626,coos,182985
1627,newaygo,182914
1628,young,182823
1629,murray,182792
1630,schoharie,182710
1631,buchanan,182678
1632,livingston,182674
1633,allegany,182655
1634,bedford,182630
1635,hickman,182551
1636,marion,182529
1637,baxter,182474
1638,wadena,182200
1639,powder river,182183
1640,modoc,182109
1641,delaware,182056
1642,roger mills,182011
1643,rowan,181853
1644,tift,181803
1645,campbell,181600
1646,phelps,181378
1647,okeechobee,181311
1648,adams,181251
1649,natchitoches parish,181218
1650,richland,181101
1651,comanche,181096
1652,kalkaska,181090
1653,jersey,181049
1654,carroll,180967
1655,greenwood,180953
1656,crawford,180912
1657,jones,180880
1658,franklin,180834
1659,divide,180784
1660,hocking,180766
1661,geary,180744
1662,rusk,180696
1663,winnebago,180668
1664,cabell,180511
1665,preble,180496
1666,fulton,180183
1667,washington,180157
1668,greene,180103
1669,lawrence,180024
1670,allen,180021
1671,tazewell,180008
1672,baldwin,180004
1673,gallatin,179867
1674,aleutians east borough,179706
1675,ashland,179636
1676,juneau,179358
1677,pettis,179320
1678,northumberland,179280
1679,york,179226
1680,st. joseph,179226
1681,muscatine,179196
1682,nobles,179019
1683,marshall,178948
1684,ralls,178918
1685,foster,178740
1686,carroll,178698
1687,muskingum,178632
1688,saline,178627
1689,madison,178620
1690,schuyler,178586
1691,grady,178482
1692,barren,178420
1693,nodaway,178249
1694,blount,178127
1695,etowah,177846
1696,kimble,177696
1697,dakota,177486
1698,essex,177372
1699,washington,177363
1700,allamakee,177330
1701,jasper,177206
1702,piatt,177190
1703,buckingham,177187
1704,warren,177160
1705,larue,177126
1706,iberville parish,177093
1707,osage,176856
1708,jackson,176796
1709,wheatland,176788
1710,pearl river,176560
1711,carroll,176398
1712,pointe coupee parish,176388
1713,beckham,176383
1714,marion,176374
1715,bowie,176158
1716,bowman,176015
1717,stephens,175992
1718,union,175974
1719,lawrence,175930
1720,boone,175887
1721,haakon,175723
1722,benton,175570
1723,allen,175514
1724,oceana,175497
1725,jones,175445
1726,montgomery,175386
1727,montgomery,175382
1728,hardin,175326
1729,pontotoc,175232
1730,crittenden,175213
1731,mecosta,174965
1732,clark,174932
1733,sutton,174862
1734,thomas,174810
1735,pendleton,174810
1736,merrick,174796
1737,scotts bluff,174670
1738,clay,174582
1739,henry,174523
1740,mower,174438
1741,pope,174437
1742,sanilac,174299
1743,lowndes,174232
1744,conejos,173935
1745,delta,173615
1746,pike,173409
1747,traill,173403
1748,henry,173360
1749,montgomery,173342
1750,dekalb,173335
1751,douglas,173026
1752,genesee,172872
1753,guthrie,172791
1754,caswell,172775
1755,cortland,172739
1756,hand,172683
1757,buchanan,172677
1758,dyer,172577
1759,san miguel,172514
1760,jackson,172356
1761,ottawa,172348
1762,newton,172279
1763,palo pinto,172164
1764,cocke,172004
1765,kingsbury,171993
1766,aroostook,171944
1767,pershing,171831
1768,richmond,171765
1769,camp,171759
1770,grant,171733
1771,somerset,171668
1772,jackson,171574
1773,butler,171505
1774,shelby,171486
1775,san jacinto,171412
1776,blair,171143
1777,wythe,171113
1778,perry,171100
1779,adair,171017
1780,lucas,170902
1781,lewis,170879
1782,hardin,170715
1783,henderson,170590
1784,sussex,170576
1785,tipton,170489
1786,gibson,170464
1787,giles,170440
1788,suwannee,170349
1789,missaukee,170304
1790,cameron parish,170286
1791,polk,170275
1792,holt,170240
1793,keith,170240
1794,milam,170140
1795,cedar,169986
1796,cuming,169860
1797,clark,169807
1798,lasalle,169754
1799,leon,169735
1800,lyman,169644
1801,cedar,169410
1802,shannon,169410
1803,linn,169174
1804,clayton,169123
1805,petroleum,168978
1806,cherokee,168965
1807,harvey,168927
1808,claiborne,168853
1809,murray,168709
1810,hendry,168618
1811,owen,168550
1812,darke,168464
1813,wayne,168382
1814,ashtabula,168213
1815,freeborn,168077
1816,gage,167835
1817,huron,167711
1818,wyandot,167711
1819,crawford,167615
1820,hopewell city,167549
1821,polk,167523
1822,box butte,167455
1823,iberia parish,167433
1824,hyde,167394
1825,decatur,167275
1826,hinds,167209
1827,curry,167116
1828,taylor,166930
1829,hardy,166918
1830,dawes,166822
1831,wichita,166805
1832,day,166743
1833,mahoning,166708
1834,barnes,166703
1835,martin,166668
1836,clay,166636
1837,bates,166584
1838,mayes,166535
1839,wyoming,166494
1840,lawrence,166441
1841,henry,166330
1842,blaine,166138
1843,burleson,166111
1844,alcona,166043
1845,switzerland,166027
1846,carter,165996
1847,cerro gordo,165890
1848,beauregard parish,165889
1849,piscataquis,165586
1850,fulton,165431
1851,beadle,165362
1852,hutchinson,165362
1853,chickasaw,165268
1854,putnam,165224
1855,dekalb,165144
1856,monroe,165124
1857,keweenaw,165111
1858,harrison,165085
1859,costilla,165077
1860,red willow,165050
1861,schoolcraft,164978
1862,defiance,164949
1863,warren,164920
1864,martin,164896
1865,delaware,164744
1866,garfield,164744
1867,hamilton,164743
1868,lamar,164743
1869,putnam,164724
1870,henderson,164700
1871,wexford,164579
1872,randolph,164533
1873,prairie,164434
1874,steuben,164368
1875,trimble,164352
1876,white,164232
1877,chippewa,164179
1878,iron,164129
1879,early,164093
1880,preston,164006
1881,oswego,163983
1882,scott,163919
1883,owen,163893
1884,marshall,163745
1885,graham,163712
1886,crockett,163529
1887,howard,163529
1888,washington,163513
1889,bryan,163465
1890,san saba,163394
1891,marion,163317
1892,sheridan,163298
1893,russell,163285
1894,lincoln,163282
1895,lewis,163268
1896,wayne,163268
1897,price,163218
1898,ozark,163116
1899,northwest arctic borough,162995
1900,washington,162988
1901,washington,162953
1902,panola,162854
1903,lawrence,162848
1904,gilliam,162709
1905,laclede,162580
1906,jackson,162553
1907,cherokee,162449
1908,delta,162448
1909,marinette,162437
1910,desoto,162416
1911,calhoun,162371
1912,gibson,162265
1913,robertson,162242
1914,clay,162149
1915,grant,162081
1916,osage,162063
1917,clinton,162053
1918,tucker,161963
1919,marion,161912
1920,howell,161776
1921,livingston,161776
1922,sumter,161741
1923,branch,161649
1924,anderson,161505
1925,renville,161480
1926,richland,161252
1927,heard,161227
1928,williamson,161171
1929,langlade,161136
1930,vermilion parish,161016
1931,charlotte,160903
1932,randolph,160705
1933,crawford,160545
1934,union,160514
1935,clark,160388
1936,adams,160336
1937,doddridge,160312
1938,clinton,160294
1939,bennett,160250
1940,stone,160208
1941,vance,160171
1942,rush,160001
1943,grant,159981
1944,pendleton,159958
1945,grayson,159799
1946,marshall,159679
1947,de baca,159678
1948,lawrence,159617
1949,houston,159346
1950,newberry,159318
1951,upson,159250
1952,buena vista city,159094
1953,mcnairy,158971
1954,madison,158964
1955,clark,158891
1956,saginaw,158869
1957,texas,158860
1958,butler,158801
1959,guernsey,158798
1960,clarion,158684
1961,gladwin,158587
1962,live oak,158537
1963,mcduffie,158502
1964,peoria,158463
1965,highland,158421
1966,torrance,158416
1967,fentress,158398
1968,henry,158398
1969,broome,158319
1970,red lake,158280
1971,yellow medicine,158280
1972,baca,158232
1973,edmunds,158178
1974,madison,158132
1975,gonzales,157997
1976,roberts,157902
1977,franklin,157857
1978,noble,157709
1979,roscommon,157655
1980,carter,157581
1981,polk,157456
1982,jefferson davis parish,157451
1983,jackson,157389
1984,wright,157223
1985,henry,157185
1986,ashland,157101
1987,buena vista,157060
1988,limestone,156917
1989,fayette,156915
1990,petersburg city,156888
1991,vigo,156759
1992,butler,156687
1993,sedgwick,156622
1994,clay,156579
1995,love,156558
1996,sandusky,156538
1997,lanier,156505
1998,cherry,156443
1999,woods,156430
2000,johnson,156365
2001,union,156319
2002,warren,156283
2003,navarro,156243
2004,kanawha,156174
2005,todd,156101
2006,ransom,156029
2007,haywood,155821
2008,clarke,155817
2009,dawson,155810
2010,meriwether,155677
2011,moore,155568
2012,halifax,155475
2013,rusk,155409
2014,crawford,155391
2015,henry,155321
2016,st. landry parish,155313
2017,jackson,155298
2018,chippewa,155099
2019,upshur,155004
2020,scott,155001
2021,mcdonald,154951
2022,mitchell,154946
2023,trumbull,154836
2024,davis,154822
2025,golden valley,154778
2026,clarendon,154644
2027,hill,154624
2028,wayne,154488
2029,cleburne,154333
2030,menominee,154326
2031,laurel,154252
2032,fulton,154232
2033,sabine,154219
2034,pierce,154212
2035,acadia parish,154005
2036,potter,153895
2037,conway,153884
2038,montgomery,153884
2039,muskogee,153872
2040,brown,153814
2041,dickey,153758
2042,val verde,153679
2043,greene,153598
2044,pocahontas,153588
2045,armstrong,153547
2046,patrick,153536
2047,houghton,153527
2048,atascosa,153471
2049,mccormick,153309
2050,bland,153278
2051,van buren,153243
2052,evans,153162
2053,graves,153063
2054,o'brien,152832
2055,greensville,152632
2056,pecos,152600
2057,pittsburg,152465
2058,redwood,152300
2059,lee,152230
2060,greenbrier,152055
2061,starke,152053
2062,sherman,152036
2063,huron,151929
2064,perry,151924
2065,carroll,151727
2066,wibaux,151654
2067,cook,151640
2068,perkins,151633
2069,presque isle,151530
2070,laurens,151502
2071,lincoln,151346
2072,alleghany,151339
2073,chilton,151298
2074,jackson,151286
2075,gallia,151266
2076,indiana,151240
2077,rock island,151199
2078,jackson,151165
2079,st. clair,151063
2080,stephens,151058
2081,karnes,150981
2082,daviess,150929
2083,saline,150929
2084,meade,150928
2085,wabash,150899
2086,callahan,150830
2087,montgomery,150815
2088,decatur,150808
2089,calhoun,150775
2090,dickinson,150731
2091,lunenburg,150693
2092,otero,150680
2093,perry,150631
2094,clarke,150623
2095,sargent,150578
2096,scotland,150527
2097,montmorency,150464
2098,arkansas,150459
2099,grundy,150378
2100,colfax,150320
2101,cherokee,150221
2102,scott,150129
2103,bladen,150116
2104,fayette,150052
2105,de soto parish,150016
2106,henry,150004
2107,texas,149991
2108,grant,149960
2109,walker,149880
2110,harlan,149861
2111,newton,149826
2112,schuylkill,149751
2113,tuscola,149665
2114,dale,149564
2115,morgan,149376
2116,perry,149376
2117,sanborn,149337
2118,coffee,149288
2119,vernon parish,149252
2120,raleigh,149105
2121,jennings,149104
2122,hopkins,149101
2123,sheridan,149081
2124,cottonwood,148992
2125,des moines,148977
2126,clay,148975
2127,vernon,148920
2128,russell,148837
2129,tripp,148784
2130,brunswick,148754
2131,calhoun,148713
2132,pike,148630
2133,lincoln,148610
2134,jefferson,148604
2135,coffey,148589
2136,jones,148558
2137,seneca,148556
2138,lipscomb,148552
2139,adams,148504
2140,mclean,148454
2141,caldwell,148449
2142,saluda,148405
2143,crockett,148373
2144,ohio,148278
2145,covington,148239
2146,tallapoosa,148239
2147,grayson,148237
2148,mifflin,148139
2149,miller,148118
2150,marshall,148116
2151,valley,148089
2152,alpena,148068
2153,tunica,147878
2154,liberty,147847
2155,washington,147841
2156,marion,147808
2157,mcintosh,147732
2158,kearny,147727
2159,lafayette,147703
2160,chester,147700
2161,yell,147692
2162,saline,147583
2163,mahaska,147485
2164,lyon,147481
2165,bleckley,147351
2166,ochiltree,147338
2167,sierra,147321
2168,washington,147223
2169,koochiching,147210
2170,dekalb,147179
2171,aurora,147126
2172,columbiana,147123
2173,bay,147063
2174,dade,147045
2175,roosevelt,146968
2176,obion,146941
2177,tyler,146933
2178,la paz,146881
2179,maverick,146798
2180,miller,146798
2181,dent,146777
2182,pulaski,146668
2183,bond,146664
2184,chemung,146581
2185,mahnomen,146574
2186,tama,146490
2187,scott,146368
2188,greenup,146347
2189,custer,146317
2190,sioux,146317
2191,union,146296
2192,mineral,146288
2193,louisa,146242
2194,casey,146196
2195,whitley,146196
2196,renville,146192
2197,fremont,146117
2198,adair,146064
2199,logan,145932
2200,stoddard,145840
2201,geneva,145835
2202,hardee,145828
2203,johnson,145793
2204,dickinson,145757
2205,swift,145683
2206,prowers,145482
2207,monroe,145449
2208,osceola,145405
2209,huntington,145258
2210,harrison,145213
2211,lake and peninsula borough,145162
2212,potter,145161
2213,pulaski,145138
2214,monroe,144989
2215,douglas,144916
2216,columbus,144876
2217,sampson,144876
2218,fairfield,144849
2219,anderson,144773
2220,chariton,144634
2221,jerauld,144363
2222,irion,144321
2223,garfield,144292
2224,craig,144279
2225,otero,144274
2226,major,144151
2227,hardin,143860
2228,jasper,143830
2229,carroll,143819
2230,belmont,143675
2231,comanche,143560
2232,parmer,143560
2233,burt,143533
2234,berrien,143477
2235,chenango,143374
2236,escambia,143337
2237,tioga,143174
2238,cumberland,143158
2239,crane,143155
2240,somerset,143052
2241,perry,143043
2242,monroe,143008
2243,ogemaw,143008
2244,pontotoc,142988
2245,weakley,142931
2246,pipestone,142884
2247,coshocton,142855
2248,fountain,142822
2249,douglas,142812
2250,pierce,142786
2251,johnson,142686
2252,baraga,142608
2253,noble,142479
2254,clearfield,142431
2255,polk,142422
2256,delaware,142373
2257,bollinger,142259
2258,grant parish,142253
2259,logan,142014
2260,franklin,142013
2261,toombs,141955
2262,seneca,141851
2263,blaine,141849
2264,pike,141796
2265,anson,141786
2266,howard,141763
2267,chambers,141748
2268,cherokee,141691
2269,kiowa,141590
2270,taylor,141556
2271,oldham,141536
2272,howard,141516
2273,humboldt,141516
2274,st. martin parish,141486
2275,gadsden,141408
2276,titus,141401
2277,hyde,141324
2278,cameron,141243
2279,carroll,141212
2280,lewis,141202
2281,roosevelt,141083
2282,hancock,141069
2283,lake,141069
2284,hidalgo,141038
2285,van wert,140972
2286,breckinridge,140913
2287,spink,140910
2288,macon,140885
2289,tyrrell,140769
2290,gratiot,140744
2291,kittson,140721
2292,liberty,140720
2293,carter,140649
2294,chaves,140483
2295,van buren,140446
2296,cass,140397
2297,kossuth,140397
2298,sequoyah,140358
2299,hancock,140352
2300,alcorn,140292
2301,logan,140182
2302,columbia,140051
2303,williams,139968
2304,worth,139899
2305,jackson,139843
2306,gentry,139813
2307,perkins,139804
2308,chattahoochee,139744
2309,dundy,139736
2310,frontier,139736
2311,clay,139725
2312,smyth,139708
2313,oscoda,139679
2314,reagan,139647
2315,grant,139617
2316,adair,139526
2317,henry,139488
2318,garvin,139418
2319,pickens,139231
2320,walworth,139114
2321,winston,139098
2322,abbeville,139020
2323,mercer,139007
2324,hansford,138838
2325,ward,138838
2326,potter,138699
2327,glascock,138635
2328,arenac,138614
2329,orleans,138549
2330,monroe,138536
2331,mcpherson,138470
2332,orange,138463
2333,ringgold,138407
2334,atchison,138371
2335,warren,138220
2336,jackson,138147
2337,webster,137910
2338,palo alto,137785
2339,assumption parish,137607
2340,dallam,137488
2341,monroe,137376
2342,lauderdale,137345
2343,franklin,137334
2344,screven,137251
2345,talbot,137251
2346,pike,137135
2347,powell,137083
2348,haskell,137017
2349,talladega,136979
2350,livingston,136971
2351,randolph,136955
2352,knox,136924
2353,kiowa,136894
2354,drew,136889
2355,clark,136733
2356,uvalde,136679
2357,norman,136650
2358,benton,136476
2359,johnson,136445
2360,loup,136445
2361,pope,136375
2362,randolph,136375
2363,oregon,136331
2364,jones,136249
2365,jefferson,136235
2366,colleton,136215
2367,hardeman,136200
2368,washington,136144
2369,lac qui parle,136141
2370,smith,136126
2371,lawrence,135929
2372,stevens,135909
2373,jack,135869
2374,fayette,135796
2375,union,135796
2376,childress,135734
2377,mchenry,135702
2378,boyd,135686
2379,frio,135599
2380,harding,135522
2381,red river,135464
2382,herkimer,135401
2383,big stone,135377
2384,scioto,135323
2385,wayne,135260
2386,lamar,135256
2387,paulding,135198
2388,watonwan,135123
2389,pawnee,135111
2390,jefferson,135111
2391,washington parish,135111
2392,emporia city,135055
2393,logan,135047
2394,socorro,134964
2395,floyd,134801
2396,darlington,134792
2397,hot spring,134781
2398,lauderdale,134779
2399,seward,134678
2400,crisp,134622
2401,jackson,134558
2402,jackson,134349
2403,chase,134062
2404,ford,134062
2405,colquitt,133792
2406,searcy,133727
2407,yazoo,133676
2408,burke,133658
2409,greene,133587
2410,barton,133519
2411,allen parish,133448
2412,iosco,133421
2413,kinney,133306
2414,iroquois,133157
2415,hockley,133036
2416,marshall,132936
2417,le flore,132935
2418,logan,132918
2419,chautauqua,132743
2420,bibb,132725
2421,elk,132630
2422,parke,132565
2423,marion,132496
2424,atoka,132384
2425,charlton,132270
2426,kleberg,132226
2427,reeves,132091
2428,benton,132046
2429,holt,132046
2430,dodge,131994
2431,independence,131882
2432,morris,131821
2433,muhlenberg,131801
2434,dougherty,131688
2435,st. lawrence,131548
2436,brooks,131499
2437,macon,131493
2438,tazewell,131436
2439,reynolds,131376
2440,trego,131354
2441,hamilton,131319
2442,warren,131141
2443,morgan,131130
2444,reno,131108
2445,marshall,131032
2446,candler,131025
2447,st. mary parish,130952
2448,de witt,130892
2449,lake,130891
2450,seminole,130887
2451,wayne,130876
2452,cass,130742
2453,russell,130739
2454,whiteside,130653
2455,choctaw,130593
2456,richmond,130573
2457,union,130534
2458,grenada,130490
2459,clay,130413
2460,greenlee,130404
2461,tippah,130368
2462,carson,130367
2463,fayette,130355
2464,sherman,130116
2465,faulk,129996
2466,hart,129952
2467,morgan,129926
2468,osceola,129827
2469,lenoir,129723
2470,hancock,129609
2471,bureau,129580
2472,tattnall,129503
2473,sac,129454
2474,duplin,129440
2475,montgomery,129365
2476,winnebago,129329
2477,galax city,129239
2478,bracken,129162
2479,tishomingo,129142
2480,cheyenne,129104
2481,moultrie,128865
2482,fillmore,128850
2483,cumberland,128627
2484,sherman,128583
2485,audrain,128564
2486,jefferson,128471
2487,edmonson,128459
2488,madison,128375
2489,richland parish,128338
2490,mason,128226
2491,cattaraugus,128226
2492,crittenden,128103
2493,scurry,128044
2494,martin,128024
2495,marshall,128004
2496,macoupin,127930
2497,terrell,127909
2498,golden valley,127866
2499,lee,127837
2500,gove,127784
2501,marion,127784
2502,guadalupe,127766
2503,morrill,127711
2504,bon homme,127648
2505,bethel census area,127578
2506,harrison,127540
2507,mccurtain,127523
2508,henry,127430
2509,cavalier,127412
2510,wayne,127327
2511,shelby,127315
2512,pratt,127292
2513,elbert,127289
2514,mora,127286
2515,lynn,127234
2516,edgecombe,127229
2517,randolph,127139
2518,coosa,127043
2519,nemaha,126952
2520,okmulgee,126947
2521,washington,126944
2522,livingston,126914
2523,halifax,126891
2524,scotland,126891
2525,dixon,126886
2526,mississippi,126744
2527,hertford,126608
2528,brown,126600
2529,ripley,126555
2530,sumner,126536
2531,clare,126497
2532,roane,126457
2533,fleming,126254
2534,lewis,126153
2535,russell,126138
2536,gregory,126128
2537,knox,125990
2538,haskell,125988
2539,meigs,125909
2540,crawford,125847
2541,bailey,125750
2542,bee,125750
2543,barbour,125749
2544,walthall,125712
2545,avoyelles parish,125605
2546,nowata,125604
2547,lincoln,125589
2548,miami,125514
2549,hamilton,125490
2550,grundy,125484
2551,robertson,125462
2552,bolivar,125221
2553,ohio,125198
2554,robeson,125191
2555,knox,125053
2556,monroe,124976
2557,marshall,124953
2558,carroll,124814
2559,iron,124814
2560,trinity,124805
2561,lasalle parish,124654
2562,winston,124486
2563,kay,124453
2564,baker,124453
2565,orangeburg,124330
2566,norton city,124328
2567,faribault,124308
2568,jefferson,124227
2569,sevier,124109
2570,venango,123945
2571,brooke,123911
2572,butler,123864
2573,stephenson,123858
2574,hancock,123858
2575,jeff davis,123831
2576,dewey,123814
2577,northampton,123775
2578,crawford,123774
2579,deaf smith,123726
2580,vinton,123649
2581,cambria,123647
2582,caldwell,123613
2583,greene,123485
2584,monona,123485
2585,doniphan,123409
2586,kidder,123324
2587,kent,123321
2588,beaver,123302
2589,summers,123272
2590,carroll,123261
2591,clay,123261
2592,butler,123217
2593,jay,123206
2594,coles,123024
2595,lawrence,123016
2596,jefferson,122862
2597,mitchell,122862
2598,mercer,122800
2599,barton,122737
2600,holmes,122605
2601,cass,122565
2602,crawford,122565
2603,lamoure,122529
2604,hempstead,122528
2605,wise,122519
2606,calhoun,122328
2607,linn,122270
2608,bacon,122032
2609,dixie,122028
2610,buffalo,121984
2611,clark,121832
2612,jefferson,121832
2613,washington,121792
2614,itawamba,121791
2615,crawford,121506
2616,keokuk,121495
2617,lawrence,121368
2618,ware,121340
2619,ellsworth,121259
2620,van buren,121246
2621,schuyler,121116
2622,greeley,121013
2623,hardin,120873
2624,ellis,120872
2625,pike,120811
2626,taylor,120787
2627,marion,120710
2628,prentiss,120566
2629,rawlins,120521
2630,adair,120488
2631,mcmullen,120488
2632,schleicher,120488
2633,hettinger,120372
2634,rockcastle,120179
2635,carroll,120044
2636,union,119783
2637,sheridan,119690
2638,jasper,119686
2639,page,119630
2640,cotton,119465
2641,okfuskee,119465
2642,grant,119358
2643,bent,119312
2644,ottawa,119209
2645,greene,119190
2646,ben hill,119126
2647,barnwell,119122
2648,hickory,119056
2649,lucas,118883
2650,hooker,118851
2651,jim hogg,118734
2652,brantley,118569
2653,barbour,118565
2654,marengo,118565
2655,wells,118441
2656,griggs,118328
2657,ida,118137
2658,wetzel,118081
2659,ballard,118066
2660,marion,118035
2661,irwin,118019
2662,ford,117971
2663,traverse,117946
2664,winkler,117924
2665,luce,117842
2666,shelby,117654
2667,union,117521
2668,towner,117419
2669,burke,117414
2670,schuyler,117315
2671,sabine parish,117168
2672,franklin,117142
2673,eddy,117078
2674,atchison,117047
2675,mcculloch,116575
2676,castro,116440
2677,hutchinson,116305
2678,upton,116305
2679,forest,116129
2680,fulton,116072
2681,adams,116056
2682,latimer,116011
2683,pembina,115943
2684,izard,115809
2685,kingman,115720
2686,bath,115689
2687,nicholas,115689
2688,taylor,115682
2689,hancock,115529
2690,concho,115496
2691,wheeler,115361
2692,bamberg,115249
2693,marion,115174
2694,appling,115114
2695,evangeline parish,115029
2696,runnels,114956
2697,terry,114956
2698,crawford,114918
2699,mitchell,114858
2700,sunflower,114807
2701,wheeler,114674
2702,christian,114560
2703,ritchie,114542
2704,pike,114491
2705,washita,114349
2706,menominee,114279
2707,miner,114247
2708,little river,114227
2709,lee,114180
2710,appanoose,114158
2711,new madrid,114101
2712,worth,114082
2713,pushmataha,113965
2714,fayette,113964
2715,glades,113951
2716,refugio,113876
2717,pike,113840
2718,crenshaw,113663
2719,brown,113627
2720,putnam,113565
2721,colfax,113535
2722,adams,113459
2723,boyd,113409
2724,fayette,113334
2725,hidalgo,113250
2726,tyler,113245
2727,pemiscot,113163
2728,emmet,113163
2729,morris,113134
2730,dallas,113133
2731,hickman,113048
2732,wright,113039
2733,fayette,112891
2734,cowley,112888
2735,nelson,112763
2736,sullivan,112689
2737,hamilton,112642
2738,coleman,112527
2739,terrell,112514
2740,johnston,112430
2741,cross,112383
2742,cheyenne,112273
2743,hale,112257
2744,randolph,112180
2745,wayne,112176
2746,walsh,112082
2747,massac,112057
2748,la salle,111987
2749,chesterfield,111910
2750,iron,111850
2751,caddo,111791
2752,rock,111763
2753,desha,111724
2754,dawson,111718
2755,stephens,111718
2756,zapata,111718
2757,clay,111699
2758,hamilton,111699
2759,macon,111676
2760,green,111595
2761,eastland,111583
2762,menard,111448
2763,wapello,111422
2764,lee,111404
2765,dillon,111376
2766,panola,111254
2767,hancock,111222
2768,coke,111178
2769,harper,111023
2770,dooly,110963
2771,menifee,110935
2772,gray,110773
2773,mercer,110753
2774,taylor,110676
2775,mississippi,110619
2776,bertie,110605
2777,hampton,110575
2778,calhoun,110552
2779,nicholas,110532
2780,harrison,110485
2781,adams,110427
2782,wilkes,110410
2783,jones,110379
2784,audubon,110303
2785,montgomery,110273
2786,starr,110233
2787,jackson parish,110157
2788,newton,110099
2789,montgomery,110030
2790,jasper,109906
2791,dunklin,109815
2792,slope,109811
2793,estill,109746
2794,randolph,109718
2795,conecuh,109689
2796,montgomery,109681
2797,marion,109640
2798,decatur,109308
2799,alfalfa,109232
2800,nance,109105
2801,scott,109076
2802,attala,109048
2803,hale,108929
2804,hayes,108852
2805,antelope,108725
2806,union,108705
2807,logan,108644
2808,falls,108479
2809,scott,108299
2810,fulton,108242
2811,deuel,108219
2812,keya paha,108219
2813,webster,108190
2814,winn parish,108018
2815,metcalfe,107897
2816,steele,107880
2817,ziebach,107754
2818,emmons,107539
2819,allegany,107497
2820,bourbon,107348
2821,washington,107348
2822,richland,107288
2823,simpson,107245
2824,blaine,107207
2825,neosho,106979
2826,carlisle,106973
2827,emanuel,106674
2828,union parish,106582
2829,wilkinson,106536
2830,luna,106532
2831,jones,106484
2832,newton,106475
2833,garza,106456
2834,sterling,106456
2835,wichita,106364
2836,knox,106333
2837,jackson,106180
2838,turner,106121
2839,wallace,106117
2840,vermillion,106103
2841,mcdonough,106096
2842,sullivan,106065
2843,mccreary,106048
2844,morehouse parish,105998
2845,jenkins,105982
2846,dickenson,105976
2847,neshoba,105862
2848,choctaw,105715
2849,johnson,105706
2850,prairie,105664
2851,nolan,105646
2852,swisher,105646
2853,pike,105619
2854,amite,105617
2855,sheridan,105308
2856,jim wells,105241
2857,henderson,105023
2858,treutlen,105014
2859,mckean,104963
2860,concordia parish,104928
2861,jefferson davis,104882
2862,clay,104793
2863,greene,104760
2864,copiah,104660
2865,braxton,104633
2866,franklin,104515
2867,leflore,104515
2868,floyd,104463
2869,clarke,104392
2870,pocahontas,104334
2871,warren,104189
2872,cibola,104132
2873,franklin parish,103977
2874,wayne,103836
2875,ouachita,103819
2876,blackford,103591
2877,bradley,103556
2878,pawnee,103532
2879,catahoula parish,103502
2880,leake,103412
2881,west carroll parish,103383
2882,clinton,103275
2883,coal,103221
2884,webster parish,103027
2885,allen,102917
2886,ashley,102897
2887,dallas,102897
2888,magoffin,102879
2889,knox,102877
2890,wilbarger,102813
2891,yalobusha,102799
2892,phillips,102793
2893,mason,102758
2894,choctaw,102677
2895,harmon,102581
2896,cherokee,102547
2897,floyd,102408
2898,perry,102350
2899,stark,102307
2900,perry,102281
2901,lewis,102218
2902,williamsburg,102161
2903,webster,102144
2904,ontonagon,102129
2905,norton,101932
2906,franklin,101891
2907,greer,101814
2908,gogebic,101730
2909,wilson,101686
2910,lincoln,101562
2911,duval,101463
2912,sharp,101448
2913,chattooga,101416
2914,logan,101294
2915,stafford,101193
2916,woodruff,101184
2917,edwards,101089
2918,benton,101084
2919,webster,101001
2920,cloud,100947
2921,morgan,100766
2922,cleveland,100764
2923,brown,100751
2924,poinsett,100708
2925,montgomery,100454
2926,greene,100374
2927,martinsville city,100290
2928,garden,100245
2929,elliott,100105
2930,tensas parish,100056
2931,calhoun,99998
2932,lawrence,99998
2933,kimball,99992
2934,caldwell parish,99937
2935,clay,99867
2936,marion,99778
2937,baylor,99709
2938,edgar,99659
2939,thayer,99612
2940,nuckolls,99486
2941,cass,99420
2942,campbell,99327
2943,wabash,99301
2944,graham,99223
2945,jackson,99208
2946,lee,99208
2947,thurston,99106
2948,white,99063
2949,lincoln,99057
2950,hughes,99000
2951,clinch,98926
2952,seminole,98744
2953,washington,98633
2954,labette,98608
2955,rice,98608
2956,perry,98561
2957,cameron,98511
2958,st. helena parish,98424
2959,shelby,98298
2960,monroe,98286
2961,lowndes,98177
2962,mingo,97909
2963,morton,97746
2964,lee,97596
2965,madison parish,97561
2966,warren,97542
2967,greene,97514
2968,san augustine,97416
2969,wayne,97408
2970,greeley,97334
2971,briscoe,97281
2972,presidio,97281
2973,lawrence,97155
2974,echols,96789
2975,gilmer,96730
2976,phillips,96705
2977,furnas,96575
2978,saline,96559
2979,yukon-koyukuk census area,96525
2980,wilcox,96441
2981,bullock,96176
2982,lincoln,96155
2983,richardson,96068
2984,apache,95902
2985,grant,95802
2986,boone,95712
2987,kemper,95693
2988,telfair,95605
2989,crowley,95557
2990,hitchcock,94929
2991,edwards,94852
2992,sioux,94821
2993,webster,94758
2994,scott,94713
2995,rooks,94668
2996,issaquena,94590
2997,brooks,94582
2998,hodgeman,94545
2999,mcpherson,94492
3000,covington,94467
3001,franklin,94414
3002,harding,94175
3003,red river parish,93758
3004,nevada,93674
3005,barber,93561
3006,wheeler,93530
3007,leslie,93502
3008,rolette,93458
3009,chicot,93411
3010,macon,93253
3011,mcintosh,93118
3012,mitchell,92828
3013,buchanan,92794
3014,twiggs,92658
3015,hardin,92625
3016,sumter,92467
3017,clark,92206
3018,owsley,91917
3019,benson,91868
3020,coahoma,91649
3021,lane,91468
3022,gallatin,91314
3023,worth,91200
3024,chickasaw,90669
3025,donley,90534
3026,fisher,90534
3027,sharkey,90424
3028,taliaferro,90348
3029,covington city,90209
3030,culberson,89995
3031,dewey,89795
3032,st. francis,89722
3033,bell,89540
3034,webster,89534
3035,lamb,89320
3036,martin,89276
3037,clay,89144
3038,woodson,89129
3039,wyoming,89062
3040,noxubee,88709
3041,east carroll parish,88292
3042,marlboro,88273
3043,harper,88267
3044,fulton,88219
3045,collingsworth,88106
3046,rush,87898
3047,grant,87780
3048,claiborne,87729
3049,wilcox,87719
3050,pawnee,87715
3051,humphreys,87606
3052,calhoun,87116
3053,claiborne parish,87103
3054,vermilion,86714
3055,quay,86617
3056,atkinson,86335
3057,ness,86174
3058,bienville parish,85915
3059,harlan,85842
3060,zavala,85407
3061,tallahatchie,85156
3062,wilkinson,84788
3063,throckmorton,84733
3064,smith,84574
3065,kiowa,84418
3066,hall,84328
3067,clay,84260
3068,willacy,83653
3069,greenwood,83220
3070,cimarron,82628
3071,quitman,82461
3072,decatur,81373
3073,letcher,80956
3074,jefferson,80709
3075,haskell,80550
3076,esmeralda,80538
3077,wolfe,80428
3078,stanton,80388
3079,dickens,80145
3080,lafayette,80104
3081,comanche,80019
3082,calhoun,79971
3083,corson,79711
3084,motley,79606
3085,osborne,79526
3086,jefferson,79397
3087,crosby,79033
3088,pulaski,78082
3089,dimmit,77852
3090,hardeman,77852
3091,edwards,76941
3092,republic,76818
3093,knott,76466
3094,stonewall,74613
3095,holmes,74496
3096,jewell,73987
3097,alexander,72479
3098,allendale,71847
3099,mckinley,71501
3100,mellette,71422
3101,hudspeth,71240
3102,foard,71105
3103,elk,70663
3104,cottle,70161
3105,breathitt,69598
3106,quitman,68982
3107,tillman,68302
3108,chautauqua,68201
3109,stewart,66965
3110,knox,63415
3111,cochran,60176
3112,mcdowell,51550
3113,todd,39648
3114,king,30493
